-- phpMyAdmin SQL Dump
-- version 5.2.0
-- https://www.phpmyadmin.net/
--
-- Hôte : 127.0.0.1:3306
-- Généré le : jeu. 13 nov. 2025 à 09:44
-- Version du serveur : 9.1.0
-- Version de PHP : 8.2.0

SET SQL_MODE = "NO_AUTO_VALUE_ON_ZERO";
START TRANSACTION;
SET time_zone = "+00:00";


/*!40101 SET @OLD_CHARACTER_SET_CLIENT=@@CHARACTER_SET_CLIENT */;
/*!40101 SET @OLD_CHARACTER_SET_RESULTS=@@CHARACTER_SET_RESULTS */;
/*!40101 SET @OLD_COLLATION_CONNECTION=@@COLLATION_CONNECTION */;
/*!40101 SET NAMES utf8mb4 */;

--
-- Base de données : `badrappdb`
--

-- --------------------------------------------------------

--
-- Structure de la table `article`
--

DROP TABLE IF EXISTS `article`;
CREATE TABLE IF NOT EXISTS `article` (
  `id` int NOT NULL AUTO_INCREMENT,
  `categorie_id` int NOT NULL,
  `fournisseur_id` int DEFAULT NULL,
  `nom` varchar(255) CHARACTER SET utf8mb4 COLLATE utf8mb4_unicode_ci NOT NULL,
  `reference` varchar(100) CHARACTER SET utf8mb4 COLLATE utf8mb4_unicode_ci NOT NULL,
  `description` longtext CHARACTER SET utf8mb4 COLLATE utf8mb4_unicode_ci,
  `prixachat` double DEFAULT NULL,
  `prixvente` double DEFAULT NULL,
  `stock` int NOT NULL,
  `seuilalerte` int NOT NULL,
  `datecreation` datetime NOT NULL,
  PRIMARY KEY (`id`),
  UNIQUE KEY `UNIQ_23A0E66AEA34913` (`reference`),
  KEY `IDX_23A0E66BCF5E72D` (`categorie_id`),
  KEY `IDX_23A0E66670C757F` (`fournisseur_id`)
) ENGINE=InnoDB AUTO_INCREMENT=4407 DEFAULT CHARSET=utf8mb4 COLLATE=utf8mb4_unicode_ci;

--
-- Déchargement des données de la table `article`
--

INSERT INTO `article` (`id`, `categorie_id`, `fournisseur_id`, `nom`, `reference`, `description`, `prixachat`, `prixvente`, `stock`, `seuilalerte`, `datecreation`) VALUES
(3384, 0, 0, 'كرة رقبي', 'ART566655', 'no_image.png', 0, 0, 0, 5, '2025-11-12 16:26:26'),
(3385, 0, 0, 'ballon de basket balle', 'ART140D06', 'no_image.png', 0, 0, 0, 5, '2025-11-12 16:26:26'),
(3386, 0, 0, 'كرة طبية 1.5', 'ART346E17', 'no_image.png', 0, 0, 0, 5, '2025-11-12 16:26:26'),
(3387, 0, 0, 'كرة يد T2', 'ART291F48', 'no_image.png', 0, 0, 0, 5, '2025-11-12 16:26:26'),
(3388, 0, 0, 'مضرب كرة تنس', 'ART709219', 'no_image.png', 0, 0, 0, 5, '2025-11-12 16:26:26'),
(3389, 0, 0, 'شباك كرة طاولة', 'ART321CB10', 'no_image.png', 0, 0, 0, 5, '2025-11-12 16:26:26'),
(3390, 0, 0, 'شباك كرة سلة', 'ART9599511', 'no_image.png', 0, 0, 0, 5, '2025-11-12 16:26:26'),
(3391, 0, 0, 'شباك كرة طائرة', 'ART1658612', 'no_image.png', 0, 0, 0, 5, '2025-11-12 16:26:26'),
(3392, 0, 0, 'كرة طاولة', 'ART907E113', 'no_image.png', 0, 0, 0, 5, '2025-11-12 16:26:26'),
(3393, 0, 0, 'SAC ملاكمة للتمارين', 'ART238D515', 'no_image.png', 0, 0, 0, 5, '2025-11-12 16:26:26'),
(3394, 0, 0, 'CHRONOMETRE', 'ART7648416', 'no_image.png', 0, 0, 0, 5, '2025-11-12 16:26:26'),
(3395, 0, 0, 'TRICOT + SHORT', 'ART2821617', 'no_image.png', 0, 0, 0, 5, '2025-11-12 16:26:26'),
(3396, 0, 0, 'كرة حديدية poids 5كغ', 'ART061E519', 'no_image.png', 0, 0, 0, 5, '2025-11-12 16:26:26'),
(3397, 0, 0, 'كرة حديدية قديمة 5 كغ + 4 كغ', 'ART0823420', 'no_image.png', 0, 0, 0, 5, '2025-11-12 16:26:26'),
(3398, 0, 0, 'كرة حديدية جديدة  1 كغ 6 ق', 'ART5325621', 'no_image.png', 0, 0, 0, 5, '2025-11-12 16:26:26'),
(3399, 0, 0, 'CERCEAU', 'ART0381522', 'no_image.png', 0, 0, 0, 5, '2025-11-12 16:26:26'),
(3400, 0, 0, 'RAQUETTE DE PING-PONG', 'ART0966623', 'no_image.png', 0, 0, 0, 5, '2025-11-12 16:26:26'),
(3401, 0, 0, 'TRICOT + SHORT BOXE', 'ART627C024', 'no_image.png', 0, 0, 0, 5, '2025-11-12 16:26:26'),
(3402, 0, 0, 'حذاء رياضي', 'ART6079026', 'no_image.png', 0, 0, 0, 5, '2025-11-12 16:26:26'),
(3403, 0, 0, 'حذاء كرة قدم', 'ART2819127', 'no_image.png', 0, 0, 0, 5, '2025-11-12 16:26:26'),
(3404, 0, 0, 'RADIO FM', 'ART2082428', 'no_image.png', 0, 0, 0, 5, '2025-11-12 16:26:26'),
(3405, 0, 0, 'FICH JACK- JACK', 'ART5501A29', 'no_image.png', 0, 0, 0, 5, '2025-11-12 16:26:26'),
(3406, 0, 0, 'MICRO SM-70A', 'ART3799B30', 'no_image.png', 0, 0, 0, 5, '2025-11-12 16:26:26'),
(3407, 0, 0, 'MICRO SM-90A', 'ART8453131', 'no_image.png', 0, 0, 0, 5, '2025-11-12 16:26:26'),
(3408, 0, 0, 'MICRO SONY DM918', 'ART9433D32', 'no_image.png', 0, 0, 0, 5, '2025-11-12 16:26:26'),
(3409, 0, 0, 'MICRO GS-67.56', 'ART5372B33', 'no_image.png', 0, 0, 0, 5, '2025-11-12 16:26:26'),
(3410, 0, 0, 'MICRO DEMONIQUE .MEG', 'ART8422134', 'no_image.png', 0, 0, 0, 5, '2025-11-12 16:26:26'),
(3411, 0, 0, 'MICRO DYNAMIQUE STAGE', 'ART6282535', 'no_image.png', 0, 0, 0, 5, '2025-11-12 16:26:26'),
(3412, 0, 0, 'MICRO A TABLE', 'ART5825836', 'no_image.png', 0, 0, 0, 5, '2025-11-12 16:26:26'),
(3413, 0, 0, 'MICRO CRAVATE', 'ART8004637', 'no_image.png', 0, 0, 0, 5, '2025-11-12 16:26:26'),
(3414, 0, 0, 'MICRO BALADER', 'ART3215A38', 'no_image.png', 0, 0, 0, 5, '2025-11-12 16:26:26'),
(3415, 0, 0, 'BAFFLE MM', 'ART111EE39', 'no_image.png', 0, 0, 0, 5, '2025-11-12 16:26:26'),
(3416, 0, 0, 'LECTEUR DVD', 'ART7009840', 'no_image.png', 0, 0, 0, 5, '2025-11-12 16:26:26'),
(3417, 0, 0, 'دربوكة', 'ART7062F41', 'no_image.png', 0, 0, 0, 5, '2025-11-12 16:26:26'),
(3418, 0, 0, 'PAQUET PINCEAU PLAT', 'ART2882342', 'no_image.png', 0, 0, 0, 5, '2025-11-12 16:26:26'),
(3419, 0, 0, 'CRAQUELAGE CROCODILE', 'ART4622243', 'no_image.png', 0, 0, 0, 5, '2025-11-12 16:26:26'),
(3420, 0, 0, 'COULEUR METALIQUE', 'ART9254344', 'no_image.png', 0, 0, 0, 5, '2025-11-12 16:26:26'),
(3421, 0, 0, 'BONDE DOR', 'ART971E745', 'no_image.png', 0, 0, 0, 5, '2025-11-12 16:26:26'),
(3422, 0, 0, 'ألوان مائية بــو  12', 'ART417BB46', 'no_image.png', 0, 0, 0, 5, '2025-11-12 16:26:26'),
(3423, 0, 0, 'STYLO FEUTRE A/2', 'ART479F547', 'no_image.png', 0, 0, 0, 5, '2025-11-12 16:26:26'),
(3424, 0, 0, 'PAQUET PINCEAU #TAILLE', 'ART4709848', 'no_image.png', 0, 0, 0, 5, '2025-11-12 16:26:26'),
(3425, 0, 0, 'أوراق ملونة', 'ART3761849', 'no_image.png', 0, 0, 0, 5, '2025-11-12 16:26:26'),
(3426, 0, 0, 'حبر صيني', 'ART389B350', 'no_image.png', 0, 0, 0, 5, '2025-11-12 16:26:26'),
(3427, 0, 0, 'CUTEUX', 'ART7553551', 'no_image.png', 0, 0, 0, 5, '2025-11-12 16:26:26'),
(3428, 0, 0, 'CERNE', 'ART281F152', 'no_image.png', 0, 0, 0, 5, '2025-11-12 16:26:26'),
(3429, 0, 0, 'COULEUR VITRAIL', 'ART2951753', 'no_image.png', 0, 0, 0, 5, '2025-11-12 16:26:26'),
(3430, 0, 0, 'COLLE STAR', 'ART684A254', 'no_image.png', 0, 0, 0, 5, '2025-11-12 16:26:26'),
(3431, 0, 0, 'CARQUELAGE', 'ART098E555', 'no_image.png', 0, 0, 0, 5, '2025-11-12 16:26:26'),
(3432, 0, 0, 'PAPIER CERRETTE', 'ART3289256', 'no_image.png', 0, 0, 0, 5, '2025-11-12 16:26:26'),
(3433, 0, 0, 'CONTRE PLAQUET', 'ART2382B57', 'no_image.png', 0, 0, 0, 5, '2025-11-12 16:26:26'),
(3434, 0, 0, 'CARTOUCHE LAZER PM-17', 'ART1112458', 'no_image.png', 0, 0, 0, 5, '2025-11-12 16:26:26'),
(3435, 0, 0, 'CARTOUCHE ML 1665 SAMSUNG', 'ART2333459', 'no_image.png', 0, 0, 0, 5, '2025-11-12 16:26:26'),
(3436, 0, 0, 'CARTOUCHE LJ1100 EP 22', 'ART2789660', 'no_image.png', 0, 0, 0, 5, '2025-11-12 16:26:26'),
(3437, 0, 0, 'CARTOUCHE EPL 6200 EPD', 'ART2325261', 'no_image.png', 0, 0, 0, 5, '2025-11-12 16:26:26'),
(3438, 0, 0, 'TONEUR MMC HP LASER P1005', 'ART418DB62', 'no_image.png', 0, 0, 0, 5, '2025-11-12 16:26:26'),
(3439, 0, 0, 'TONEUR EPL 6200 EPSON', 'ART9725063', 'no_image.png', 0, 0, 0, 5, '2025-11-12 16:26:26'),
(3440, 0, 0, 'TONEUR EPSON EPL N 3000', 'ART4231764', 'no_image.png', 0, 0, 0, 5, '2025-11-12 16:26:26'),
(3441, 0, 0, 'CARTOUCHE CANON 1900 COULEUR', 'ART7211465', 'no_image.png', 0, 0, 0, 5, '2025-11-12 16:26:26'),
(3442, 0, 0, 'CARTOUCHE CANON 703 LBP 2900', 'ART2356466', 'no_image.png', 0, 0, 0, 5, '2025-11-12 16:26:26'),
(3443, 0, 0, 'CARTOUCHE CANON 2700 N', 'ART373B767', 'no_image.png', 0, 0, 0, 5, '2025-11-12 16:26:26'),
(3444, 0, 0, 'CARTOUCHE CANON IP4600', 'ART1726668', 'no_image.png', 0, 0, 0, 5, '2025-11-12 16:26:26'),
(3445, 0, 0, 'CARTOUCHE SAMSUNG 1660', 'ART474D969', 'no_image.png', 0, 0, 0, 5, '2025-11-12 16:26:26'),
(3446, 0, 0, 'CARTOUCHE IP 4600 NO 52', 'ART487DC70', 'no_image.png', 0, 0, 0, 5, '2025-11-12 16:26:26'),
(3447, 0, 0, 'CARTOUCHE B.L.C.123.C', 'ART457B771', 'no_image.png', 0, 0, 0, 5, '2025-11-12 16:26:26'),
(3448, 0, 0, 'CARTOUCHE  C 123XLBK', 'ART4116E72', 'no_image.png', 0, 0, 0, 5, '2025-11-12 16:26:26'),
(3449, 0, 0, 'CARTOUCHE B.L123M', 'ART501FE73', 'no_image.png', 0, 0, 0, 5, '2025-11-12 16:26:26'),
(3450, 0, 0, 'DISQUE DURE EXTERNE', 'ART702AF74', 'no_image.png', 0, 0, 0, 5, '2025-11-12 16:26:26'),
(3451, 0, 0, 'GRAVEUR EXTERNE', 'ART0247175', 'no_image.png', 0, 0, 0, 5, '2025-11-12 16:26:26'),
(3452, 0, 0, 'LECTEUR CARTE', 'ART1462776', 'no_image.png', 0, 0, 0, 5, '2025-11-12 16:26:26'),
(3453, 0, 0, 'LECTEUR DVD EXTREME 3', 'ART8287177', 'no_image.png', 0, 0, 0, 5, '2025-11-12 16:26:26'),
(3454, 0, 0, 'SOURIS USB', 'ART349C178', '21210souris-standard.jpg', 0, 0, 0, 5, '2025-11-12 16:26:26'),
(3455, 0, 0, 'CARTOUCHE LEXMARK t650', 'ART0997279', 'no_image.png', 0, 0, 0, 5, '2025-11-12 16:26:26'),
(3456, 0, 0, 'CABLE JACK-JACK', 'ART590F981', 'no_image.png', 0, 0, 0, 5, '2025-11-12 16:26:26'),
(3457, 0, 0, 'CRAYON CD', 'ART2608882', 'no_image.png', 0, 0, 0, 5, '2025-11-12 16:26:26'),
(3458, 0, 0, 'IMPRIMANTE CANON LBP 7018', 'ART738BC83', 'no_image.png', 0, 0, 0, 5, '2025-11-12 16:26:26'),
(3459, 0, 0, 'TABLE DE PROJECTION', 'ART6331384', 'no_image.png', 0, 0, 0, 5, '2025-11-12 16:26:26'),
(3460, 0, 0, 'TRI-PIED POUR CAMERA', 'ART4952E85', 'no_image.png', 0, 0, 0, 5, '2025-11-12 16:26:26'),
(3461, 0, 0, 'DISQUE DURE INTERNE', 'ART381AB86', 'no_image.png', 0, 0, 0, 5, '2025-11-12 16:26:26'),
(3462, 0, 0, 'CARTE MÉMOIRE 2 GO', 'ART771CE87', 'no_image.png', 0, 0, 0, 5, '2025-11-12 16:26:26'),
(3463, 0, 0, 'FLASH DISQUE 8 GO', 'ART4508988', 'no_image.png', 0, 0, 0, 5, '2025-11-12 16:26:26'),
(3464, 0, 0, 'CARTE MEMOIRE 4 GO', 'ART596BD89', 'no_image.png', 0, 0, 0, 5, '2025-11-12 16:26:26'),
(3465, 0, 0, 'CASQUE', 'ART4659B90', 'no_image.png', 0, 0, 0, 5, '2025-11-12 16:26:26'),
(3466, 0, 0, 'STYLO  MAGIQUE', 'ART527D191', 'no_image.png', 0, 0, 0, 5, '2025-11-12 16:26:26'),
(3467, 0, 0, 'CD VIERGE', 'ART0614592', 'no_image.png', 0, 0, 0, 5, '2025-11-12 16:26:26'),
(3468, 0, 0, 'ORDINATEUR مركزي', 'ART523E593', 'no_image.png', 0, 0, 0, 5, '2025-11-12 16:26:26'),
(3469, 0, 0, 'ECRAN PC SAMSUNG', 'ART280AC94', 'no_image.png', 0, 0, 0, 5, '2025-11-12 16:26:26'),
(3470, 0, 0, 'قريزيل', 'ART366AC95', 'no_image.png', 0, 0, 0, 5, '2025-11-12 16:26:26'),
(3471, 0, 0, 'جفال 5ل 12 درجة', 'ART2445896', 'no_image.png', 0, 0, 0, 5, '2025-11-12 16:26:26'),
(3472, 0, 0, 'صابون سائل', 'ART338B497', 'no_image.png', 0, 0, 0, 5, '2025-11-12 16:26:26'),
(3473, 0, 0, 'شوك', 'ART3717F98', 'no_image.png', 0, 0, 0, 5, '2025-11-12 16:26:26'),
(3474, 0, 0, 'دينول لغسل الارضية 5ل', 'ART5896099', 'no_image.png', 0, 0, 0, 5, '2025-11-12 16:26:26'),
(3475, 0, 0, 'مكنسة', 'ART05861100', 'no_image.png', 0, 0, 0, 5, '2025-11-12 16:26:26'),
(3476, 0, 0, 'باكو مناديل ورق wc  بو 4 قطع', 'ART876C6101', 'no_image.png', 0, 0, 0, 5, '2025-11-12 16:26:26'),
(3477, 0, 0, 'منديل مرحاض ', 'ART878BA102', 'no_image.png', 0, 0, 0, 5, '2025-11-12 16:26:26'),
(3478, 0, 0, 'صابون مرحي ( أومو) 450 غ', 'ART04851103', 'no_image.png', 0, 0, 0, 5, '2025-11-12 16:26:26'),
(3479, 0, 0, 'فليتوكس', 'ART8436A104', 'no_image.png', 0, 0, 0, 5, '2025-11-12 16:26:26'),
(3480, 0, 0, 'خيشة', 'ART2951E106', 'no_image.png', 0, 0, 0, 5, '2025-11-12 16:26:26'),
(3481, 0, 0, 'ركلات', 'ART51357107', 'no_image.png', 0, 0, 0, 5, '2025-11-12 16:26:26'),
(3482, 0, 0, 'يد مكنسة', 'ART42459108', 'no_image.png', 0, 0, 0, 5, '2025-11-12 16:26:26'),
(3483, 0, 0, 'معطر جو', 'ART566B9109', 'no_image.png', 0, 0, 0, 5, '2025-11-12 16:26:26'),
(3484, 0, 0, 'حكاكة', 'ART41995110', 'no_image.png', 0, 0, 0, 5, '2025-11-12 16:26:26'),
(3485, 0, 0, 'حجر مزيل الرائحة', 'ART781BD111', 'no_image.png', 0, 0, 0, 5, '2025-11-12 16:26:26'),
(3486, 0, 0, 'AJAX', 'ART455F1112', 'no_image.png', 0, 0, 0, 5, '2025-11-12 16:26:26'),
(3487, 0, 0, 'حاوية فضلات مكتب بالغطاء', 'ART64981113', 'no_image.png', 0, 0, 0, 5, '2025-11-12 16:26:26'),
(3488, 0, 0, 'شامزين', 'ART130B3114', 'no_image.png', 0, 0, 0, 5, '2025-11-12 16:26:26'),
(3489, 0, 0, 'PARASOLLE', 'ART380FC115', 'no_image.png', 0, 0, 0, 5, '2025-11-12 16:26:26'),
(3490, 0, 0, 'TAPIS DE GYMNASTIQUE', 'ART950D1116', 'no_image.png', 0, 0, 0, 5, '2025-11-12 16:26:26'),
(3491, 0, 0, 'عجل سيارة', 'ART18424117', 'no_image.png', 0, 0, 0, 5, '2025-11-12 16:26:26'),
(3492, 0, 0, 'REFREGATEUR \"MINI', 'ART1213F118', 'no_image.png', 0, 0, 0, 5, '2025-11-12 16:26:26'),
(3493, 0, 0, 'MECANISME DE SACHE', 'ART375D0119', 'no_image.png', 0, 0, 0, 5, '2025-11-12 16:26:26'),
(3494, 0, 0, 'FLEXIBLE TOILETTE', 'ART41654120', 'no_image.png', 0, 0, 0, 5, '2025-11-12 16:26:26'),
(3495, 0, 0, 'PAQUET CHEVI 6', 'ART31832121', 'no_image.png', 0, 0, 0, 5, '2025-11-12 16:26:26'),
(3496, 0, 0, 'LAMPE éCONOMIQUE', 'ART74026122', 'no_image.png', 0, 0, 0, 5, '2025-11-12 16:26:26'),
(3497, 0, 0, 'ROBINET DE JARDIN', 'ART52273123', 'no_image.png', 0, 0, 0, 5, '2025-11-12 16:26:26'),
(3498, 0, 0, 'ROULETTE DE MESURE 2M', 'ART42539124', 'no_image.png', 0, 0, 0, 5, '2025-11-12 16:26:26'),
(3499, 0, 0, 'TUYAU NOIR', 'ART919C7125', 'no_image.png', 0, 0, 0, 5, '2025-11-12 16:26:26'),
(3500, 0, 0, 'TUYAU JAUNE DE JARDIN', 'ART54135126', 'no_image.png', 0, 0, 0, 5, '2025-11-12 16:26:26'),
(3501, 0, 0, 'PEINTURE LAQUET 1KG', 'ART675B6127', 'no_image.png', 0, 0, 0, 5, '2025-11-12 16:26:26'),
(3502, 0, 0, 'كرة HB-2.T-ENT', 'ART946F0128', 'no_image.png', 0, 0, 0, 5, '2025-11-12 16:26:26'),
(3503, 0, 0, 'BALLON PING-PONG POUR COMPÉTITION', 'ART14890129', 'no_image.png', 0, 0, 0, 5, '2025-11-12 16:26:26'),
(3504, 0, 0, 'BALLON PING-PONG POUR ENTRAÎNEMENT', 'ART777FF130', 'no_image.png', 0, 0, 0, 5, '2025-11-12 16:26:26'),
(3505, 0, 0, 'كرة مثقلة 5كغ', 'ART5274B131', 'no_image.png', 0, 0, 0, 5, '2025-11-12 16:26:26'),
(3506, 0, 0, 'علبة كرة حديدية ذو 3 وزن 1كغ', 'ART7977A132', 'no_image.png', 0, 0, 0, 5, '2025-11-12 16:26:26'),
(3507, 0, 0, 'شباك كرة قدم', 'ART94781133', 'no_image.png', 0, 0, 0, 5, '2025-11-12 16:26:26'),
(3508, 0, 0, 'شباك كرة يد (9)', 'ART71219134', 'no_image.png', 0, 0, 0, 5, '2025-11-12 16:26:26'),
(3509, 0, 0, 'شباك كرة طاولة', 'ART046FC135', 'no_image.png', 0, 0, 0, 5, '2025-11-12 16:26:26'),
(3510, 0, 0, 'MICRO CAGE FOOT BALL', 'ART1709F137', 'no_image.png', 0, 0, 0, 5, '2025-11-12 16:26:26'),
(3511, 0, 0, 'كرة طبية 1كغ', 'ART0512A138', 'no_image.png', 0, 0, 0, 5, '2025-11-12 16:26:26'),
(3512, 0, 0, 'كرة طبية 2كغ', 'ART245F3139', 'no_image.png', 0, 0, 0, 5, '2025-11-12 16:26:26'),
(3513, 0, 0, 'كرة طبية 3كغ', 'ART19044140', 'no_image.png', 0, 0, 0, 5, '2025-11-12 16:26:26'),
(3514, 0, 0, 'كرة طبية 4كغ', 'ART7367A141', 'no_image.png', 0, 0, 0, 5, '2025-11-12 16:26:26'),
(3515, 0, 0, 'كرة طبية 5كغ', 'ART41899142', 'no_image.png', 0, 0, 0, 5, '2025-11-12 16:26:26'),
(3516, 0, 0, 'كرة  HB T2 ENT', 'ART8608E143', 'no_image.png', 0, 0, 0, 5, '2025-11-12 16:26:26'),
(3517, 0, 0, 'كرة يد T.3', 'ART055F9144', 'no_image.png', 0, 0, 0, 5, '2025-11-12 16:26:26'),
(3518, 0, 0, 'شباك كرة يد (6) ent', 'ART37737145', 'no_image.png', 0, 0, 0, 5, '2025-11-12 16:26:26'),
(3519, 0, 0, 'كرة طائرة T.5 للتمارين', 'ART41127146', 'no_image.png', 0, 0, 0, 5, '2025-11-12 16:26:26'),
(3520, 0, 0, 'كرة سلة T.7 COMP', 'ART0211D147', 'no_image.png', 0, 0, 0, 5, '2025-11-12 16:26:26'),
(3521, 0, 0, 'كرة سلة T.7 ENT', 'ART32420148', 'no_image.png', 0, 0, 0, 5, '2025-11-12 16:26:26'),
(3522, 0, 0, 'كرة طائرة ENT', 'ART65047149', 'no_image.png', 0, 0, 0, 5, '2025-11-12 16:26:26'),
(3523, 0, 0, 'كرة طائرة COMP', 'ART46347150', 'no_image.png', 0, 0, 0, 5, '2025-11-12 16:26:26'),
(3524, 0, 0, 'كرة بلاستيكية أمريكية', 'ART55340151', 'no_image.png', 0, 0, 0, 5, '2025-11-12 16:26:26'),
(3525, 0, 0, 'زوجي كرة طائرة N.B', 'ART08332152', 'no_image.png', 0, 0, 0, 5, '2025-11-12 16:26:26'),
(3526, 0, 0, 'زوجي كرة يد (6)', 'ART5493D153', 'no_image.png', 0, 0, 0, 5, '2025-11-12 16:26:26'),
(3527, 0, 0, 'RAME PAPIER EXTRA STRONG A4', 'ART4069D154', 'no_image.png', 0, 0, 0, 5, '2025-11-12 16:26:26'),
(3528, 0, 0, 'ENVELOPPE 25/35', 'ART26457155', '415966envelope_PNG18393.png', 0, 0, 0, 5, '2025-11-12 16:26:26'),
(3529, 0, 0, 'CHEMISE CRAFT', 'ART002DF156', 'no_image.png', 0, 0, 0, 5, '2025-11-12 16:26:26'),
(3530, 0, 0, 'ARRACHE GRAPHE', 'ART62854157', 'no_image.png', 0, 0, 0, 5, '2025-11-12 16:26:26'),
(3531, 0, 0, 'PAPIER CRAFT', 'ART08597158', 'no_image.png', 0, 0, 0, 5, '2025-11-12 16:26:26'),
(3532, 0, 0, 'POUCHETTE DE DESSIN PAQUET    ', 'ART52331159', 'no_image.png', 0, 0, 0, 5, '2025-11-12 16:26:26'),
(3533, 0, 0, 'ENVELOPPE 12/17', 'ART732DC160', 'no_image.png', 0, 0, 0, 5, '2025-11-12 16:26:26'),
(3534, 0, 0, 'CHEMISE CARTONNE', 'ART138B7161', 'no_image.png', 0, 0, 0, 5, '2025-11-12 16:26:26'),
(3535, 0, 0, 'CARTOUCHE CANON LBP6030  NOIR', 'ART70420162', 'no_image.png', 0, 0, 0, 5, '2025-11-12 16:26:26'),
(3536, 0, 0, 'CARTOUCHE KYOCERA PS 1120', 'ART982E3163', 'no_image.png', 0, 0, 0, 5, '2025-11-12 16:26:26'),
(3537, 0, 0, 'CARTOUCHE SAMSUNG 104 MLTD1045', 'ART10168164', 'no_image.png', 0, 0, 0, 5, '2025-11-12 16:26:26'),
(3538, 0, 0, 'CARTOUCHE CANON LBP  3010 B', 'ART13163165', 'no_image.png', 0, 0, 0, 5, '2025-11-12 16:26:26'),
(3539, 0, 0, 'CRAYON CD', 'ART585B8166', 'no_image.png', 0, 0, 0, 5, '2025-11-12 16:26:26'),
(3540, 0, 0, 'FLASH DISQUE 4 GO', 'ART1836D167', 'no_image.png', 0, 0, 0, 5, '2025-11-12 16:26:26'),
(3541, 0, 0, 'LECTEUR DVD SAMSUNG', 'ART030FA168', 'no_image.png', 0, 0, 0, 5, '2025-11-12 16:26:26'),
(3542, 0, 0, 'DATA SHOW', 'ART1929C169', 'no_image.png', 0, 0, 0, 5, '2025-11-12 16:26:26'),
(3543, 0, 0, 'SCANNER 101 CANON', 'ART0051F170', 'no_image.png', 0, 0, 0, 5, '2025-11-12 16:26:26'),
(3544, 0, 0, 'billiard americain', 'ART259C6171', 'no_image.png', 0, 0, 0, 5, '2025-11-12 16:26:26'),
(3545, 0, 0, 'IMPRIMANTE CYOCERA FS.1120 MFP', 'ART84983172', 'no_image.png', 0, 0, 0, 5, '2025-11-12 16:26:26'),
(3546, 0, 0, 'PAQUET STYLO ROUGE', 'ART4523D174', 'no_image.png', 0, 0, 0, 5, '2025-11-12 16:26:26'),
(3547, 0, 0, 'PAQUET STYLO VERT', 'ART322A8175', 'no_image.png', 0, 0, 0, 5, '2025-11-12 16:26:26'),
(3548, 0, 0, 'CRAYON NOIRE قلم رصاص', 'ART61491177', 'no_image.png', 0, 0, 0, 5, '2025-11-12 16:26:26'),
(3549, 0, 0, 'TROMBONE GM', 'ART199DC178', 'no_image.png', 0, 0, 0, 5, '2025-11-12 16:26:26'),
(3550, 0, 0, 'TROMBONE PM', 'ART3539B179', 'no_image.png', 0, 0, 0, 5, '2025-11-12 16:26:26'),
(3551, 0, 0, 'CHARGE AGRAFFE 24/6', 'ART05873180', 'no_image.png', 0, 0, 0, 5, '2025-11-12 16:26:26'),
(3552, 0, 0, 'BOITE ENCRE A TAMPON', 'ART9186D182', 'no_image.png', 0, 0, 0, 5, '2025-11-12 16:26:26'),
(3553, 0, 0, 'ENCRE A TAMPON', 'ART808CB183', 'no_image.png', 0, 0, 0, 5, '2025-11-12 16:26:26'),
(3554, 0, 0, 'PAQUET STYLO FLEURISSANT', 'ART427AF184', 'no_image.png', 0, 0, 0, 5, '2025-11-12 16:26:26'),
(3555, 0, 0, 'PAQUET STYLO MARQUER', 'ART421CB185', 'no_image.png', 0, 0, 0, 5, '2025-11-12 16:26:26'),
(3556, 0, 0, 'CORRECTEUR BOITE', 'ART03930186', 'no_image.png', 0, 0, 0, 5, '2025-11-12 16:26:26'),
(3557, 0, 0, 'BLOC CUBE', 'ART833CB187', 'no_image.png', 0, 0, 0, 5, '2025-11-12 16:26:26'),
(3558, 0, 0, 'PORTE DOCUMENT DE 100', 'ART37668188', 'no_image.png', 0, 0, 0, 5, '2025-11-12 16:26:26'),
(3559, 0, 0, 'POCHE POUR ORDINATEUR', 'ART798A6189', 'no_image.png', 0, 0, 0, 5, '2025-11-12 16:26:26'),
(3560, 0, 0, 'TAC 10', 'ART25371191', 'no_image.png', 0, 0, 0, 5, '2025-11-12 16:26:26'),
(3561, 0, 0, 'BLOC NOTE', 'ART75130192', 'no_image.png', 0, 0, 0, 5, '2025-11-12 16:26:26'),
(3562, 0, 0, 'PAQUET PUNESE', 'ART521DD193', 'no_image.png', 0, 0, 0, 5, '2025-11-12 16:26:26'),
(3563, 0, 0, 'مبراة', 'ART914C3194', 'no_image.png', 0, 0, 0, 5, '2025-11-12 16:26:26'),
(3564, 0, 0, 'CAHIER 300 PAGE', 'ART58835195', 'no_image.png', 0, 0, 0, 5, '2025-11-12 16:26:26'),
(3565, 0, 0, 'STYLO FEUTRE', 'ART654C4196', 'no_image.png', 0, 0, 0, 5, '2025-11-12 16:26:26'),
(3566, 0, 0, 'مقص', 'ART60835197', 'no_image.png', 0, 0, 0, 5, '2025-11-12 16:26:26'),
(3567, 0, 0, 'CORRECTEUR STYLO ', 'ART881BD198', 'no_image.png', 0, 0, 0, 5, '2025-11-12 16:26:26'),
(3568, 0, 0, 'CHEMISE CRAFT', 'ART55914199', 'no_image.png', 0, 0, 0, 5, '2025-11-12 16:26:26'),
(3569, 0, 0, 'CHEMISE CARTONNE', 'ART4992E200', 'no_image.png', 0, 0, 0, 5, '2025-11-12 16:26:26'),
(3570, 0, 0, 'BOITE DARCHIVE GM', 'ART389A9201', 'no_image.png', 0, 0, 0, 5, '2025-11-12 16:26:26'),
(3571, 0, 0, 'RAME TRANSPARENT', 'ART665C4203', 'no_image.png', 0, 0, 0, 5, '2025-11-12 16:26:26'),
(3572, 0, 0, 'BOITE DARCHIVE PM', 'ART442DB204', 'no_image.png', 0, 0, 0, 5, '2025-11-12 16:26:26'),
(3573, 0, 0, 'SOUS MAIN GARNITURE BUREAU', 'ART988FC205', 'no_image.png', 0, 0, 0, 5, '2025-11-12 16:26:26'),
(3574, 0, 0, 'CARTOUCHE LBP 6000/6018 NOIR', 'ART48659206', 'no_image.png', 0, 0, 0, 5, '2025-11-12 16:26:26'),
(3575, 0, 0, 'CARTOUCHE BRATHER DCP/132 WA', 'ART320CC207', 'no_image.png', 0, 0, 0, 5, '2025-11-12 16:26:26'),
(3576, 0, 0, 'TONNER HP LAZER P 10CP 1025', 'ART817F0208', 'no_image.png', 0, 0, 0, 5, '2025-11-12 16:26:26'),
(3577, 0, 0, 'TONNER HP LAZER  P10 CP', 'ART0794E209', 'no_image.png', 0, 0, 0, 5, '2025-11-12 16:26:26'),
(3578, 0, 0, 'TONNER HP LAZER P10 CP 1025-E310A', 'ART938B8210', 'no_image.png', 0, 0, 0, 5, '2025-11-12 16:26:26'),
(3579, 0, 0, 'CARTOUCHE LASER PM-167', 'ART468AB211', 'no_image.png', 0, 0, 0, 5, '2025-11-12 16:26:26'),
(3580, 0, 0, 'CLAVIER', 'ART38230212', '287664clavier.jpg', 0, 0, 0, 5, '2025-11-12 16:26:26'),
(3581, 0, 0, 'سائل تنظيف اواني', 'ART960F0213', 'no_image.png', 0, 0, 0, 5, '2025-11-12 16:26:26'),
(3582, 0, 0, 'حاوية فضلات بالغطاء MM', 'ART8111F214', 'no_image.png', 0, 0, 0, 5, '2025-11-12 16:26:26'),
(3583, 0, 0, 'SPONTEX', 'ART989CE215', 'no_image.png', 0, 0, 0, 5, '2025-11-12 16:26:26'),
(3584, 0, 0, 'منظف لوح', 'ART703AA216', 'no_image.png', 0, 0, 0, 5, '2025-11-12 16:26:26'),
(3585, 0, 0, 'منظف جلد', 'ART689E9217', 'no_image.png', 0, 0, 0, 5, '2025-11-12 16:26:26'),
(3586, 0, 0, 'POUDRE DEVRANT LIQUIDE', 'ART30490218', 'no_image.png', 0, 0, 0, 5, '2025-11-12 16:26:26'),
(3587, 0, 0, 'Paquet de sachet poubelle PM', 'ART35015219', 'no_image.png', 0, 0, 0, 5, '2025-11-12 16:26:26'),
(3588, 0, 0, 'منظف غبار بالريش', 'ART745B9220', 'no_image.png', 0, 0, 0, 5, '2025-11-12 16:26:26'),
(3589, 0, 0, 'PELLE PLASTIQUE', 'ART8955E221', 'no_image.png', 0, 0, 0, 5, '2025-11-12 16:26:26'),
(3590, 0, 0, 'BROSSE WC NETWYAGE', 'ART173AC222', 'no_image.png', 0, 0, 0, 5, '2025-11-12 16:26:26'),
(3591, 0, 0, 'DÉCOUPANT ANTICALCAIRE WC', 'ART60843224', 'no_image.png', 0, 0, 0, 5, '2025-11-12 16:26:26'),
(3592, 0, 0, 'صابون معطر', 'ART71849225', 'no_image.png', 0, 0, 0, 5, '2025-11-12 16:26:26'),
(3593, 0, 0, 'CHOC POUDRE', 'ART100A6226', 'no_image.png', 0, 0, 0, 5, '2025-11-12 16:26:26'),
(3594, 0, 0, 'حاوية فضلات بالغطاء PM', 'ART21164228', 'no_image.png', 0, 0, 0, 5, '2025-11-12 16:26:26'),
(3595, 0, 0, 'سطل بلاستيك', 'ART74115229', 'no_image.png', 0, 0, 0, 5, '2025-11-12 16:26:26'),
(3596, 0, 0, 'ORGUE ORIENTAL 5 OCTAVES TB 820', 'ART664DA230', 'no_image.png', 0, 0, 0, 5, '2025-11-12 16:26:26'),
(3597, 0, 0, 'AMPLIFICATEUR POUR GUITARE ELECTRIQUE', 'ART7983E231', 'no_image.png', 0, 0, 0, 5, '2025-11-12 16:26:26'),
(3598, 0, 0, 'DARPOUKA METALLIQUE 6 VIS', 'ART308A9232', 'no_image.png', 0, 0, 0, 5, '2025-11-12 16:26:26'),
(3599, 0, 0, 'PEAU POUR DARPOUKA', 'ART62695233', 'no_image.png', 0, 0, 0, 5, '2025-11-12 16:26:26'),
(3600, 0, 0, 'DOUF ORIENTAL AVEC HOUSSE', 'ART457EE234', 'no_image.png', 0, 0, 0, 5, '2025-11-12 16:26:26'),
(3601, 0, 0, 'PEAU POUR DOUF', 'ART543E6235', 'no_image.png', 0, 0, 0, 5, '2025-11-12 16:26:26'),
(3602, 0, 0, 'VIOLON ELECTRIQUE 4/4 STAGG', 'ART317B4236', 'no_image.png', 0, 0, 0, 5, '2025-11-12 16:26:26'),
(3603, 0, 0, 'MICROPHONE INSTRUMENT PICK UP', 'ART739D6237', 'no_image.png', 0, 0, 0, 5, '2025-11-12 16:26:26'),
(3604, 0, 0, 'JEUX DE CORDE  POUR VIOLON', 'ART162FA238', 'no_image.png', 0, 0, 0, 5, '2025-11-12 16:26:26'),
(3605, 0, 0, 'JEUX DE CORDE POUR  GUITARE CLASSIQUE', 'ART244CC239', 'no_image.png', 0, 0, 0, 5, '2025-11-12 16:26:26'),
(3606, 0, 0, 'JEUX DE CORDE POUR AOUD', 'ART943CD240', 'no_image.png', 0, 0, 0, 5, '2025-11-12 16:26:26'),
(3607, 0, 0, 'APP PHOTO CANON 1300 D - EOS  2000 D', 'ART9859D241', 'no_image.png', 0, 0, 0, 5, '2025-11-12 16:26:26'),
(3608, 0, 0, 'MICRO KARAOKè SHURE USB', 'ART523AB242', 'no_image.png', 0, 0, 0, 5, '2025-11-12 16:26:26'),
(3609, 0, 0, 'MICRO SERRE-TETE MEG', 'ART78981243', 'no_image.png', 0, 0, 0, 5, '2025-11-12 16:26:26'),
(3610, 0, 0, 'MICRO CAROL G56', 'ART34285244', 'no_image.png', 0, 0, 0, 5, '2025-11-12 16:26:26'),
(3611, 0, 0, 'BAFFLE KA 150', 'ART07217245', 'no_image.png', 0, 0, 0, 5, '2025-11-12 16:26:26'),
(3612, 0, 0, 'MICRO DE TABLE SHURE  SM390', 'ART866E3246', 'no_image.png', 0, 0, 0, 5, '2025-11-12 16:26:26'),
(3613, 0, 0, 'CABLE MICRO  XLRF/JM', 'ART5162C247', 'no_image.png', 0, 0, 0, 5, '2025-11-12 16:26:26'),
(3614, 0, 0, 'CABLE 1.5 JK/SPK 8M', 'ART88534248', 'no_image.png', 0, 0, 0, 5, '2025-11-12 16:26:26'),
(3615, 0, 0, 'CABLE BAFFLE 1.5JK/SPK-8M', 'ART7557F249', 'no_image.png', 0, 0, 0, 5, '2025-11-12 16:26:26'),
(3616, 0, 0, 'CABLE BAFFLE 2X1.5 SPK/L', 'ART294DF250', 'no_image.png', 0, 0, 0, 5, '2025-11-12 16:26:26'),
(3617, 0, 0, 'BAFFLE KA 404', 'ART976DD251', 'no_image.png', 0, 0, 0, 5, '2025-11-12 16:26:26'),
(3618, 0, 0, 'AMPLIFICATEUR HPA-A2400', 'ART746B7252', 'no_image.png', 0, 0, 0, 5, '2025-11-12 16:26:26'),
(3619, 0, 0, 'CABLE XLRM/XLRF-5M', 'ART172FD253', 'no_image.png', 0, 0, 0, 5, '2025-11-12 16:26:26'),
(3620, 0, 0, 'CABLE JKM STERIO/ JKM STERIO', 'ART775CA254', 'no_image.png', 0, 0, 0, 5, '2025-11-12 16:26:26'),
(3621, 0, 0, 'CABLE CANON M /JK STEREO 5M', 'ART137FE255', 'no_image.png', 0, 0, 0, 5, '2025-11-12 16:26:26'),
(3622, 0, 0, 'FICHE JACK MéTALLIQUE 6.5', 'ART01996256', 'no_image.png', 0, 0, 0, 5, '2025-11-12 16:26:26'),
(3623, 0, 0, 'FICHE CANON FEMELLE', 'ART821F4257', 'no_image.png', 0, 0, 0, 5, '2025-11-12 16:26:26'),
(3624, 0, 0, 'CARTE  MéMOIRE  16 G', 'ART4363F258', 'no_image.png', 0, 0, 0, 5, '2025-11-12 16:26:26'),
(3625, 0, 0, 'RADIO MODèLE LT-802AR', 'ART09036259', 'no_image.png', 0, 0, 0, 5, '2025-11-12 16:26:26'),
(3626, 0, 0, 'DICTAPHONE SONY ICD-PX333', 'ART7973E260', 'no_image.png', 0, 0, 0, 5, '2025-11-12 16:26:26'),
(3627, 0, 0, 'PILLE ENERGIZER AAA', 'ART02770261', 'no_image.png', 0, 0, 0, 5, '2025-11-12 16:26:26'),
(3628, 0, 0, 'PILLE ENERGIZER AA', 'ART44926262', 'no_image.png', 0, 0, 0, 5, '2025-11-12 16:26:26'),
(3629, 0, 0, 'PILLE 9V  ULTRA', 'ART22370263', 'no_image.png', 0, 0, 0, 5, '2025-11-12 16:26:26'),
(3630, 0, 0, 'MICRO CRAVATE S.FIL HV-233LS', 'ART548BE264', 'no_image.png', 0, 0, 0, 5, '2025-11-12 16:26:26'),
(3631, 0, 0, 'MICRO S FIL DOUBLE SHURE UHF555', 'ART61866265', 'no_image.png', 0, 0, 0, 5, '2025-11-12 16:26:26'),
(3632, 0, 0, 'MICRO S.FIL VDM-670', 'ART832C4266', 'no_image.png', 0, 0, 0, 5, '2025-11-12 16:26:26'),
(3633, 0, 0, 'TRéPIDE CAMERA BK-111', 'ART838A4267', 'no_image.png', 0, 0, 0, 5, '2025-11-12 16:26:26'),
(3634, 0, 0, 'RECEPTEUR STARSAT- SR -T14 XEXTR', 'ART887E6268', 'no_image.png', 0, 0, 0, 5, '2025-11-12 16:26:26'),
(3635, 0, 0, 'MUTIPRISE COURANT 5P', 'ART95393269', 'no_image.png', 0, 0, 0, 5, '2025-11-12 16:26:26'),
(3636, 0, 0, 'RALONGE MILTIPRISE 50M', 'ART6282E270', 'no_image.png', 0, 0, 0, 5, '2025-11-12 16:26:26'),
(3637, 0, 0, 'APP PHOTO CANON SX620 COMPLEXE P830', 'ART8422E271', 'no_image.png', 0, 0, 0, 5, '2025-11-12 16:26:26'),
(3638, 0, 0, 'CABLE HDMI- 15M', 'ART6725E272', 'no_image.png', 0, 0, 0, 5, '2025-11-12 16:26:26'),
(3639, 0, 0, 'SUPPORT DE MICRO AVEC PERCHE ', 'ART9104A273', 'no_image.png', 0, 0, 0, 5, '2025-11-12 16:26:26'),
(3640, 0, 0, 'FICHE ADAPTATEUR JACK/RCA', 'ART4615B274', 'no_image.png', 0, 0, 0, 5, '2025-11-12 16:26:26'),
(3641, 0, 0, 'CHARGEUR BATTERIE GD-918', 'ART507E8275', 'no_image.png', 0, 0, 0, 5, '2025-11-12 16:26:26'),
(3642, 0, 0, 'SUPPORT TV LCD', 'ART98576276', 'no_image.png', 0, 0, 0, 5, '2025-11-12 16:26:26'),
(3643, 0, 0, 'MICRO DE TABLE SHURE SM390', 'ART44799277', 'no_image.png', 0, 0, 0, 5, '2025-11-12 16:26:26'),
(3644, 0, 0, 'كرة قدم', 'ART9029A278', 'no_image.png', 0, 0, 0, 5, '2025-11-12 16:26:26'),
(3645, 0, 0, 'كرة حديدية 3ق', 'ART5203A279', 'no_image.png', 0, 0, 0, 5, '2025-11-12 16:26:26'),
(3646, 0, 0, 'TABLE DE PING PONG', 'ART46752280', 'no_image.png', 0, 0, 0, 5, '2025-11-12 16:26:26'),
(3647, 0, 0, 'SIFFLET', 'ART781EB281', 'no_image.png', 0, 0, 0, 5, '2025-11-12 16:26:26'),
(3648, 0, 0, 'BALLON DE BASKETTE EN CUIRE T7', 'ART223A4282', 'no_image.png', 0, 0, 0, 5, '2025-11-12 16:26:26'),
(3649, 0, 0, 'CASQUETTE', 'ART36174283', 'no_image.png', 0, 0, 0, 5, '2025-11-12 16:26:26'),
(3650, 0, 0, 'CERCEAU GM', 'ART81858284', 'no_image.png', 0, 0, 0, 5, '2025-11-12 16:26:26'),
(3651, 0, 0, 'VISEUR PLASTIQUE NOIR', 'ART6445C285', 'no_image.png', 0, 0, 0, 5, '2025-11-12 16:26:26'),
(3652, 0, 0, 'FECHE CARBON DIAMETRE 6', 'ART054C3286', 'no_image.png', 0, 0, 0, 5, '2025-11-12 16:26:26'),
(3653, 0, 0, 'CORDE POUR ARC ADULTE 68 PUCE', 'ART464BE287', 'no_image.png', 0, 0, 0, 5, '2025-11-12 16:26:26'),
(3654, 0, 0, 'REPOSE FLECH ARC GB', 'ART7856E288', 'no_image.png', 0, 0, 0, 5, '2025-11-12 16:26:26'),
(3655, 0, 0, 'SOCLE 1M/70M EN METAL ', 'ART327EA289', 'no_image.png', 0, 0, 0, 5, '2025-11-12 16:26:26'),
(3656, 0, 0, 'PLOT D /6/66/68', 'ART09848290', 'no_image.png', 0, 0, 0, 5, '2025-11-12 16:26:26'),
(3657, 0, 0, 'ARC ADULTE D/G66/68', 'ART908AA291', 'no_image.png', 0, 0, 0, 5, '2025-11-12 16:26:26'),
(3658, 0, 0, 'FLECH  CARBON DIAMETRE 6', 'ART6147C292', 'no_image.png', 0, 0, 0, 5, '2025-11-12 16:26:26'),
(3659, 0, 0, 'TAPIS TATAMI PUZELLA', 'ART7686D293', 'no_image.png', 0, 0, 0, 5, '2025-11-12 16:26:26'),
(3660, 0, 0, 'COUPE PM', 'ART387AF294', 'no_image.png', 0, 0, 0, 5, '2025-11-12 16:26:26'),
(3661, 0, 0, 'COUPE MM', 'ART98923295', 'no_image.png', 0, 0, 0, 5, '2025-11-12 16:26:26'),
(3662, 0, 0, 'COUPE GM', 'ART231A3296', 'no_image.png', 0, 0, 0, 5, '2025-11-12 16:26:26'),
(3663, 0, 0, 'RAME NORMAL ', 'ART084C6300', 'no_image.png', 0, 0, 0, 5, '2025-11-12 16:26:26'),
(3664, 0, 0, 'RAME PAGE DE GARDE', 'ART674F6301', 'no_image.png', 0, 0, 0, 5, '2025-11-12 16:26:26'),
(3665, 0, 0, 'SPIRAL MM', 'ART8967D302', 'no_image.png', 0, 0, 0, 5, '2025-11-12 16:26:26'),
(3666, 0, 0, 'SPIRAL GM', 'ART5508F303', 'no_image.png', 0, 0, 0, 5, '2025-11-12 16:26:26'),
(3667, 0, 0, 'REGLE PLAT 50 CM', 'ART65353304', 'no_image.png', 0, 0, 0, 5, '2025-11-12 16:26:26'),
(3668, 0, 0, 'REGLE PLAT 30 CM', 'ART971F3305', 'no_image.png', 0, 0, 0, 5, '2025-11-12 16:26:26'),
(3669, 0, 0, 'CAHIER 500 PAGE', 'ART225C7306', 'no_image.png', 0, 0, 0, 5, '2025-11-12 16:26:26'),
(3670, 0, 0, 'COLLAT  TUBE ', 'ART630BD308', 'no_image.png', 0, 0, 0, 5, '2025-11-12 16:26:26'),
(3671, 0, 0, 'STYLO FEUTRE 6 PAQUET', 'ART808E4309', 'no_image.png', 0, 0, 0, 5, '2025-11-12 16:26:26'),
(3672, 0, 0, 'BAGUETTE GLISSANTE PM', 'ART19750310', 'no_image.png', 0, 0, 0, 5, '2025-11-12 16:26:26'),
(3673, 0, 0, 'PAPIER CONSONNE ', 'ART083E8311', 'no_image.png', 0, 0, 0, 5, '2025-11-12 16:26:26'),
(3674, 0, 0, 'TAILLE CRAYON', 'ART22595312', 'no_image.png', 0, 0, 0, 5, '2025-11-12 16:26:26'),
(3675, 0, 0, 'SCOTCH GRIS  ASSESIF', 'ART65533313', 'no_image.png', 0, 0, 0, 5, '2025-11-12 16:26:26'),
(3676, 0, 0, 'SCOTCH', 'ART82842314', 'no_image.png', 0, 0, 0, 5, '2025-11-12 16:26:26'),
(3677, 0, 0, 'PAPIER CALQUE PAQUET', 'ART162B1315', 'no_image.png', 0, 0, 0, 5, '2025-11-12 16:26:26'),
(3678, 0, 0, 'AGRAFFEUSE MM', 'ART768AD316', 'no_image.png', 0, 0, 0, 5, '2025-11-12 16:26:26'),
(3679, 0, 0, 'SICEUX MM', 'ART40651317', 'no_image.png', 0, 0, 0, 5, '2025-11-12 16:26:26'),
(3680, 0, 0, 'SICEUX GM', 'ART0798D318', 'no_image.png', 0, 0, 0, 5, '2025-11-12 16:26:26'),
(3681, 0, 0, 'PORTE TEMBONS', 'ART121CD319', 'no_image.png', 0, 0, 0, 5, '2025-11-12 16:26:26'),
(3682, 0, 0, 'CALCULATRICE MM', 'ART3665C320', 'no_image.png', 0, 0, 0, 5, '2025-11-12 16:26:26'),
(3683, 0, 0, 'CARTOUCHE PHOTOCOPIE SHARP AR 5520', 'ART72867321', 'no_image.png', 0, 0, 0, 5, '2025-11-12 16:26:26'),
(3684, 0, 0, 'PAQUET STYLO MAGIQUE', 'ART842EE322', 'no_image.png', 0, 0, 0, 5, '2025-11-12 16:26:26'),
(3685, 0, 0, 'PAPIER GRIS GRIS', 'ART31971324', 'no_image.png', 0, 0, 0, 5, '2025-11-12 16:26:26'),
(3686, 0, 0, 'اقلام زينة بو 12', 'ART7136C325', 'no_image.png', 0, 0, 0, 5, '2025-11-12 16:26:26'),
(3687, 0, 0, 'اوراق ملونة', 'ART395CA326', 'no_image.png', 0, 0, 0, 5, '2025-11-12 16:26:26'),
(3688, 0, 0, 'BAGUETTE GULISSANTE', 'ART141B0327', 'no_image.png', 0, 0, 0, 5, '2025-11-12 16:26:26'),
(3689, 0, 0, 'BAGUETTE GLISSANTE GM', 'ART34012328', 'no_image.png', 0, 0, 0, 5, '2025-11-12 16:26:26'),
(3690, 0, 0, 'CLASSEUR # TAILLE', 'ART7384C329', 'no_image.png', 0, 0, 0, 5, '2025-11-12 16:26:26'),
(3691, 0, 0, 'BLOC- CUB COLLANTE', 'ART47943330', 'no_image.png', 0, 0, 0, 5, '2025-11-12 16:26:26'),
(3692, 0, 0, 'TROMBONE MM', 'ART4416D331', 'no_image.png', 0, 0, 0, 5, '2025-11-12 16:26:26'),
(3693, 0, 0, 'ENVELOPPE 25/17', 'ART65158332', 'no_image.png', 0, 0, 0, 5, '2025-11-12 16:26:26'),
(3694, 0, 0, 'صندوق حبر', 'ART33372333', 'no_image.png', 0, 0, 0, 5, '2025-11-12 16:26:26'),
(3695, 0, 0, 'CARTOUCHE CANON IP 2700 COULEUR', 'ART49431334', 'no_image.png', 0, 0, 0, 5, '2025-11-12 16:26:26'),
(3696, 0, 0, 'IMPRIMANTE SAMSUNG ML 1660', 'ART208A1335', 'no_image.png', 0, 0, 0, 5, '2025-11-12 16:26:26'),
(3697, 0, 0, 'IMPRIMANTE BRAT MFC -J400 DW', 'ART41892336', 'no_image.png', 0, 0, 0, 5, '2025-11-12 16:26:26'),
(3698, 0, 0, 'MICRO CASQUE +ECOUTEUR', 'ART004F7337', 'no_image.png', 0, 0, 0, 5, '2025-11-12 16:26:26'),
(3699, 0, 0, 'WEBCAM', 'ART1971F338', 'no_image.png', 0, 0, 0, 5, '2025-11-12 16:26:26'),
(3700, 0, 0, 'DISQUE EXTERNE 1000 GO', 'ART339B6339', 'no_image.png', 0, 0, 0, 5, '2025-11-12 16:26:26'),
(3701, 0, 0, 'CARTE MEMOIRE N 8 GO', 'ART68033340', 'no_image.png', 0, 0, 0, 5, '2025-11-12 16:26:26'),
(3702, 0, 0, 'زوجي مرمى كرة يد 9', 'ART438DC341', 'no_image.png', 0, 0, 0, 5, '2025-11-12 16:26:26'),
(3703, 0, 0, 'BAGUETTE SELFIE +BLUETOOTH', 'ART804B3342', 'no_image.png', 0, 0, 0, 5, '2025-11-12 16:26:26'),
(3704, 0, 0, 'منجد فرنسي فرنسي', 'ART290EC343', 'no_image.png', 0, 0, 0, 5, '2025-11-12 16:26:26'),
(3705, 0, 0, 'قصص المكتبة الوردية', 'ART38581344', 'no_image.png', 0, 0, 0, 5, '2025-11-12 16:26:26'),
(3706, 0, 0, 'قصص مكتبتي البينية ', 'ART903C5345', 'no_image.png', 0, 0, 0, 5, '2025-11-12 16:26:26'),
(3707, 0, 0, 'COLLECTION  EMERAUDE', 'ART98956346', 'no_image.png', 0, 0, 0, 5, '2025-11-12 16:26:26'),
(3708, 0, 0, 'MONTRE + COFFRET', 'ART93161347', 'no_image.png', 0, 0, 0, 5, '2025-11-12 16:26:26'),
(3709, 0, 0, 'CASQUE WIFI', 'ART066E1348', 'no_image.png', 0, 0, 0, 5, '2025-11-12 16:26:26'),
(3710, 0, 0, 'STYLO+COFFRET', 'ART86844349', 'no_image.png', 0, 0, 0, 5, '2025-11-12 16:26:26'),
(3711, 0, 0, 'FLASH DISQUE 16 GO', 'ART705B0350', 'no_image.png', 0, 0, 0, 5, '2025-11-12 16:26:26'),
(3712, 0, 0, 'منجد عربي انقليزي', 'ART759A7351', 'no_image.png', 0, 0, 0, 5, '2025-11-12 16:26:26'),
(3713, 0, 0, 'محمل كتاب قرآن من الخشب', 'ART22130352', 'no_image.png', 0, 0, 0, 5, '2025-11-12 16:26:26'),
(3714, 0, 0, 'منجد عربي فرنسي', 'ART483FE353', 'no_image.png', 0, 0, 0, 5, '2025-11-12 16:26:26'),
(3715, 0, 0, 'منجد عربي عربي', 'ART62466354', 'no_image.png', 0, 0, 0, 5, '2025-11-12 16:26:26'),
(3716, 0, 0, 'ساعة حائطية رقمية', 'ART15846355', 'no_image.png', 0, 0, 0, 5, '2025-11-12 16:26:26'),
(3717, 0, 0, 'منجد فرنسي عربي', 'ART468E2356', 'no_image.png', 0, 0, 0, 5, '2025-11-12 16:26:26'),
(3718, 0, 0, 'كتاب قران صغير', 'ART90661357', 'no_image.png', 0, 0, 0, 5, '2025-11-12 16:26:26'),
(3719, 0, 0, 'لعبة الدما', 'ART5793D358', 'no_image.png', 0, 0, 0, 5, '2025-11-12 16:26:26'),
(3720, 0, 0, 'ساعة للرجال', 'ART24510359', 'no_image.png', 0, 0, 0, 5, '2025-11-12 16:26:26'),
(3721, 0, 0, 'ساعة للنساء', 'ART03498360', 'no_image.png', 0, 0, 0, 5, '2025-11-12 16:26:26'),
(3722, 0, 0, 'شطرنج', 'ART492CA361', 'no_image.png', 0, 0, 0, 5, '2025-11-12 16:26:26'),
(3723, 0, 0, 'سكرابل', 'ART2862B362', 'no_image.png', 0, 0, 0, 5, '2025-11-12 16:26:26'),
(3724, 0, 0, 'كتاب قران  متوسط', 'ART7527B363', 'no_image.png', 0, 0, 0, 5, '2025-11-12 16:26:26'),
(3725, 0, 0, 'كتاب قران كبير', 'ART627E4364', 'no_image.png', 0, 0, 0, 5, '2025-11-12 16:26:26'),
(3726, 0, 0, 'PLAY STATION 3', 'ART99753365', 'no_image.png', 0, 0, 0, 5, '2025-11-12 16:26:26'),
(3727, 0, 0, 'MONOPOLI', 'ART9756C366', 'no_image.png', 0, 0, 0, 5, '2025-11-12 16:26:26'),
(3728, 0, 0, 'CARTE MEMOIRE 32 GO', 'ART745D8367', 'no_image.png', 0, 0, 0, 5, '2025-11-12 16:26:26'),
(3729, 0, 0, 'BALLON DE FOOT 1ER CHOIX', 'ART848FE368', 'no_image.png', 0, 0, 23, 5, '2025-11-12 16:26:26'),
(3730, 0, 0, 'SURVETEMENT MICRO-FIBRE', 'ART798D1369', 'no_image.png', 0, 0, 0, 5, '2025-11-12 16:26:26'),
(3731, 0, 0, 'DOSSARD VERT-JAUNE-ROUGE-BLEU', 'ART0591C370', 'no_image.png', 0, 0, 0, 5, '2025-11-12 16:26:26'),
(3732, 0, 0, 'FILET DE PING-PONG', 'ART11717371', 'no_image.png', 0, 0, 0, 5, '2025-11-12 16:26:26'),
(3733, 0, 0, 'PAIRE DE RAQUETTE DE PING-PONG', 'ART18321372', 'no_image.png', 0, 0, 0, 5, '2025-11-12 16:26:26'),
(3734, 0, 0, 'BALLON PING-PONG', 'ART76962373', 'no_image.png', 0, 0, 0, 5, '2025-11-12 16:26:26'),
(3735, 0, 0, 'BALLON DE BASKETBALL TAILLE 5', 'ART86685374', 'no_image.png', 0, 0, 0, 5, '2025-11-12 16:26:26'),
(3736, 0, 0, 'FICHE JACK ADAPTATEUR', 'ART46374379', 'no_image.png', 0, 0, 0, 5, '2025-11-12 16:26:26'),
(3737, 0, 0, 'BAFFLE MMM', 'ART348B6380', 'no_image.png', 0, 0, 0, 5, '2025-11-12 16:26:26'),
(3738, 0, 0, 'MICRO EFFARVATTE SANS FILS', 'ART36230381', 'no_image.png', 0, 0, 0, 5, '2025-11-12 16:26:26'),
(3739, 0, 0, 'CABLE SON', 'ART168D1382', 'no_image.png', 0, 0, 0, 5, '2025-11-12 16:26:26'),
(3740, 0, 0, 'CABLE MICRO', 'ART54286383', 'no_image.png', 0, 0, 0, 5, '2025-11-12 16:26:26'),
(3741, 0, 0, 'APPAREIL PHOTO NIKON - COMPLEXE P830/6MP', 'ART5412C384', 'no_image.png', 0, 0, 0, 5, '2025-11-12 16:26:26'),
(3742, 0, 0, 'CABLE JACK STREAO MAL/XPR', 'ART13948385', 'no_image.png', 0, 0, 0, 5, '2025-11-12 16:26:26'),
(3743, 0, 0, 'CABLE JACK STREO MAL/MAL 5M', 'ART305E8386', 'no_image.png', 0, 0, 0, 5, '2025-11-12 16:26:26'),
(3744, 0, 0, 'CABLE XPR STEREO MAL/FEM 5M', 'ART023AD387', 'no_image.png', 0, 0, 0, 5, '2025-11-12 16:26:26'),
(3745, 0, 0, 'FICHE JACK MAL', 'ART350AB388', 'no_image.png', 0, 0, 0, 5, '2025-11-12 16:26:26'),
(3746, 0, 0, 'FICHE XPR FEM', 'ART80850389', 'no_image.png', 0, 0, 0, 5, '2025-11-12 16:26:26'),
(3747, 0, 0, 'CHARGEUR APPAREIL PHOTO OLYPUS PEN MINI EPM1', 'ART6538E390', 'no_image.png', 0, 0, 0, 5, '2025-11-12 16:26:26'),
(3748, 0, 0, 'DICTAPHONE', 'ART819D9391', 'no_image.png', 0, 0, 0, 5, '2025-11-12 16:26:26'),
(3749, 0, 0, 'CARTE MEMOIRE MICRO SD', 'ART75391392', 'no_image.png', 0, 0, 0, 5, '2025-11-12 16:26:26'),
(3750, 0, 0, 'CABLE HDMI', 'ART7594C393', 'no_image.png', 0, 0, 0, 5, '2025-11-12 16:26:26'),
(3751, 0, 0, 'RECEPTEUR NUMERIQUE HD AVEC WIFI ET IPTV', 'ART916CA394', 'no_image.png', 0, 0, 0, 5, '2025-11-12 16:26:26'),
(3752, 0, 0, 'BAFFLE 4 BOMMER', 'ART674C9395', 'no_image.png', 0, 0, 0, 5, '2025-11-12 16:26:26'),
(3753, 0, 0, 'RALLONGE BAFFLE', 'ART808E0396', 'no_image.png', 0, 0, 0, 5, '2025-11-12 16:26:26'),
(3754, 0, 0, 'EMPLIFICATEUR', 'ART1663E397', 'no_image.png', 0, 0, 0, 5, '2025-11-12 16:26:26'),
(3755, 0, 0, 'MICRO FIL BALADEUR SANS FIL', 'ART60794398', 'no_image.png', 0, 0, 0, 5, '2025-11-12 16:26:26'),
(3756, 0, 0, 'MICRO FIL BALADEUR', 'ART0732B399', 'no_image.png', 0, 0, 0, 5, '2025-11-12 16:26:26'),
(3757, 0, 0, 'CAMERA PHOTO CANON EOS 1300 D+ Objectif 18-55mm IIIDC', 'ART1371D400', '3632411300D.jpg', 0, 0, 0, 5, '2025-11-12 16:26:26'),
(3758, 0, 0, 'MAGIQUE CARAWKE', 'ART56710401', 'no_image.png', 0, 0, 0, 5, '2025-11-12 16:26:26'),
(3759, 0, 0, 'MEDAILLE DOR', 'ART509F8402', 'no_image.png', 0, 0, 0, 5, '2025-11-12 16:26:26'),
(3760, 0, 0, 'MEDAILLE DARGENT', 'ART731A8403', 'no_image.png', 0, 0, 0, 5, '2025-11-12 16:26:26'),
(3761, 0, 0, 'MEDAILLE DE BRONZE', 'ART40861404', 'no_image.png', 0, 0, 0, 5, '2025-11-12 16:26:26'),
(3762, 0, 0, 'دف احترافي', 'ART318EC405', 'no_image.png', 0, 0, 0, 5, '2025-11-12 16:26:26'),
(3763, 0, 0, 'كمنجة 4/4', 'ART7247A406', 'no_image.png', 0, 0, 0, 5, '2025-11-12 16:26:26'),
(3764, 0, 0, 'CORD كمنجة', 'ART122A0407', 'no_image.png', 0, 0, 0, 5, '2025-11-12 16:26:26'),
(3765, 0, 0, 'CORD GUITTAR CLASSIQUE', 'ART203B2408', 'no_image.png', 0, 0, 0, 5, '2025-11-12 16:26:26'),
(3766, 0, 0, 'CORD AUD', 'ART2459A409', 'no_image.png', 0, 0, 0, 5, '2025-11-12 16:26:26'),
(3767, 0, 0, 'COFFRET MONTRE', 'ART264EE410', 'no_image.png', 0, 0, 0, 5, '2025-11-12 16:26:26'),
(3768, 0, 0, 'قاموس الكافي فرنسي - فرنسي', 'ART716D8412', 'no_image.png', 0, 0, 0, 5, '2025-11-12 16:26:26'),
(3769, 0, 0, 'TONNER HP LAZER P10 CP 1025-E311A', 'ART1066F413', 'no_image.png', 0, 0, 0, 5, '2025-11-12 16:26:26'),
(3770, 0, 0, 'TONNER HP LAZER P10 CP 1025-E310', 'ART473A5414', 'no_image.png', 0, 0, 0, 5, '2025-11-12 16:26:26'),
(3771, 0, 0, 'TONNER HP LAZER P10 CP 1025-E311', 'ART775EB415', 'no_image.png', 0, 0, 0, 5, '2025-11-12 16:26:26'),
(3772, 0, 0, 'CARTOUCHE CANON 1900 NOIRE', 'ART717A9416', 'no_image.png', 0, 0, 0, 5, '2025-11-12 16:26:26'),
(3773, 0, 0, 'KIT IMPRIMANTE BROTHER MFC-J400DW', 'ART5638C417', 'no_image.png', 0, 0, 0, 5, '2025-11-12 16:26:26'),
(3774, 0, 0, 'PAQUET DE 50 STYLO BLEU', 'ART386C4418', 'no_image.png', 0, 0, 0, 5, '2025-11-12 16:26:26'),
(3775, 0, 0, 'PAQUET DE 50 STYLO ROUGE', 'ART9722D419', 'no_image.png', 0, 0, 0, 5, '2025-11-12 16:26:26'),
(3776, 0, 0, 'PAQUET DE 50 STYLO VERT', 'ART50797420', 'no_image.png', 0, 0, 0, 5, '2025-11-12 16:26:26'),
(3777, 0, 0, 'PAQUET DE 50 STYLO NOIR', 'ART4856B421', 'no_image.png', 0, 0, 0, 5, '2025-11-12 16:26:26'),
(3778, 0, 0, 'مقص حجم متوسط', 'ART83151422', 'no_image.png', 0, 0, 0, 5, '2025-11-12 16:26:26'),
(3779, 0, 0, 'مقص حجم كبير', 'ART16158423', 'no_image.png', 0, 0, 0, 5, '2025-11-12 16:26:26'),
(3780, 0, 0, 'حاملة طوابع', 'ART738C5424', 'no_image.png', 0, 0, 0, 5, '2025-11-12 16:26:26'),
(3781, 0, 0, 'CARTOUCHE PHOTOCOPIEUSE TOSHIBA STUDIO 2006 ORG', 'ART348D1425', 'no_image.png', 0, 0, 0, 5, '2025-11-12 16:26:26'),
(3782, 0, 0, 'ممحاة', 'ART694C7426', 'no_image.png', 0, 0, 0, 5, '2025-11-12 16:26:26'),
(3783, 0, 0, 'CARTOUCHE TOSHIBA D2300 E', 'ART04872427', 'no_image.png', 0, 0, 0, 5, '2025-11-12 16:26:26'),
(3784, 0, 0, 'PAPIER GRIS BLANC', 'ART713E4428', 'no_image.png', 0, 0, 0, 5, '2025-11-12 16:26:26'),
(3785, 0, 0, 'RAMME EXTRA STRONG A3', 'ART3461E430', 'no_image.png', 0, 0, 0, 5, '2025-11-12 16:26:26'),
(3786, 0, 0, 'NOTE AUTOCOLLANTE 75/75', 'ART316EB431', 'no_image.png', 0, 0, 0, 5, '2025-11-12 16:26:26'),
(3787, 0, 0, 'ROULEAU DE PAPIER ASHIESIF DE MASQUAGE scotch gris', 'ART8063C432', 'no_image.png', 0, 0, 0, 5, '2025-11-12 16:26:26'),
(3788, 0, 0, 'SPIRAL PM', 'ART5156B434', 'no_image.png', 0, 0, 0, 5, '2025-11-12 16:26:26'),
(3789, 0, 0, 'TABLE RESTAURANT ', 'ART39765435', 'no_image.png', 0, 0, 0, 5, '2025-11-12 16:26:26'),
(3790, 0, 0, 'CHAISES RESTAURANT', 'ART455B8436', 'no_image.png', 0, 0, 0, 5, '2025-11-12 16:26:26'),
(3791, 0, 0, 'TABLE DE ORDINATEURS', 'ART02569437', 'no_image.png', 0, 0, 0, 5, '2025-11-12 16:26:26'),
(3792, 0, 0, 'FOUTEIL SAUS   DIRACTEUR', 'ART592E8438', 'no_image.png', 0, 0, 0, 5, '2025-11-12 16:26:26'),
(3793, 0, 0, 'TV PLASMA 43 POUCE', 'ART4194C441', 'no_image.png', 0, 0, 0, 5, '2025-11-12 16:26:26'),
(3794, 0, 0, 'صابون غسالة 4.5 كغ', 'ART695C5443', 'no_image.png', 0, 0, 0, 5, '2025-11-12 16:26:26'),
(3795, 0, 0, 'PAPIER SERVIETTE GM', 'ART084F7444', 'no_image.png', 0, 0, 0, 5, '2025-11-12 16:26:26'),
(3796, 0, 0, 'Paquet de sachet poubelle GM', 'ART14684445', 'no_image.png', 0, 0, 0, 5, '2025-11-12 16:26:26'),
(3797, 0, 0, 'صابون مرحي ( أومو) 1.6 كغ', 'ART232B0446', 'no_image.png', 0, 0, 0, 5, '2025-11-12 16:26:26'),
(3798, 0, 0, 'MINI CHAINE JBL G02 NOIR', 'ART478E2447', 'no_image.png', 0, 0, 0, 5, '2025-11-12 16:26:26'),
(3799, 0, 0, 'جهاز هاتف', 'ART1035E448', 'no_image.png', 0, 0, 0, 5, '2025-11-12 16:26:26'),
(3800, 0, 0, 'BOUTEILLE ENCRE BROTHER DCPJ 132 W -ROUGE', 'ART8732E449', 'no_image.png', 0, 0, 0, 5, '2025-11-12 16:26:26'),
(3801, 0, 0, 'BOUTEILLE ENCRE BROTHER DCPJ 132 W -JAUNE', 'ART996CC450', 'no_image.png', 0, 0, 0, 5, '2025-11-12 16:26:26'),
(3802, 0, 0, 'BOUTEILLE ENCRE BROTHER DCPJ 132 W -BLEU', 'ART72272451', 'no_image.png', 0, 0, 0, 5, '2025-11-12 16:26:26'),
(3803, 0, 0, 'BOUTEILLE ENCRE BROTHER DCPJ 132 W -NOIR', 'ART800DA452', 'no_image.png', 0, 0, 0, 5, '2025-11-12 16:26:26'),
(3804, 0, 0, 'CARTOUCHE SAMSUNG ML 2020', 'ART006E9453', 'no_image.png', 0, 0, 0, 5, '2025-11-12 16:26:26'),
(3805, 0, 0, 'UNITE DE SONORISATION  MOBILE: BLUETOOTH+MICRO SANS FIL+PUISSANCE 120 W+ BATTERIE INTÉG', 'ART061FF454', 'no_image.png', 0, 0, 0, 5, '2025-11-12 16:26:26'),
(3806, 0, 0, 'TONER  PHOTOCOPIEUSE KONICA MINOTA BIZHUB 185', 'ART51542455', 'no_image.png', 0, 0, 0, 5, '2025-11-12 16:26:26'),
(3807, 0, 0, 'BOUTEIL ENCRE 1L NOIR -CANON PIXMA G2200', 'ART3134D456', 'no_image.png', 0, 0, 0, 5, '2025-11-12 16:26:26'),
(3808, 0, 0, 'BOUTEIL ENCRE 1L JAUNE -CANON PIXMA G2200', 'ART007BD457', 'no_image.png', 0, 0, 0, 5, '2025-11-12 16:26:26'),
(3809, 0, 0, 'BOUTEIL ENCRE 1L ROUGE-CANON PIXMA G2200', 'ART198C9458', 'no_image.png', 0, 0, 0, 5, '2025-11-12 16:26:26'),
(3810, 0, 0, 'BOUTEIL ENCRE 1L BLEU-CANON PIXMA G2200', 'ART512B6459', 'no_image.png', 0, 0, 0, 5, '2025-11-12 16:26:26'),
(3811, 0, 0, 'CABLE RESEAU RJ45 CAT6 (METRE)', 'ART82336460', 'no_image.png', 0, 0, 0, 5, '2025-11-12 16:26:26'),
(3812, 0, 0, 'CARTOUCHE CANON LP 1660 NOIR', 'ART761EC461', 'no_image.png', 0, 0, 0, 5, '2025-11-12 16:26:26'),
(3813, 0, 0, 'CARTOUCHE CANON LP 1660 COULEUR', 'ART939F8462', 'no_image.png', 0, 0, 0, 5, '2025-11-12 16:26:26'),
(3814, 0, 0, 'CAJON MEG', 'ART30915463', 'no_image.png', 0, 0, 0, 5, '2025-11-12 16:26:26'),
(3815, 0, 0, 'MELODICAS', 'ART41482464', 'no_image.png', 0, 0, 0, 5, '2025-11-12 16:26:26'),
(3816, 0, 0, 'GUITTAR CLASSIC + HOUSE + COURRIE', 'ART1044D465', 'no_image.png', 0, 0, 0, 5, '2025-11-12 16:26:26'),
(3817, 0, 0, 'KIT IMPRIMANTE BROTHER LC 223', 'ART594FB466', 'no_image.png', 0, 0, 0, 5, '2025-11-12 16:26:26'),
(3818, 0, 0, 'AGRAFFEUSE PM', 'ART86828467', 'no_image.png', 0, 0, 0, 5, '2025-11-12 16:26:26'),
(3819, 0, 0, 'EQUIPEMENT SPEED BALLE COMPLET ', 'ART26118468', 'no_image.png', 0, 0, 0, 5, '2025-11-12 16:26:26'),
(3820, 0, 0, 'GYM BALLE', 'ART37974469', 'no_image.png', 0, 0, 0, 5, '2025-11-12 16:26:26'),
(3821, 0, 0, 'دينول لغسل الأواني 5ل', 'ART726FB470', 'no_image.png', 0, 0, 0, 5, '2025-11-12 16:26:26'),
(3822, 0, 0, 'مبيد حشرات إستعمال منزلي', 'ART6568C471', 'no_image.png', 0, 0, 0, 5, '2025-11-12 16:26:26'),
(3823, 0, 0, 'GANT PLASTIQUE', 'ART850C9472', 'no_image.png', 0, 0, 0, 5, '2025-11-12 16:26:26'),
(3824, 0, 0, 'SHAMPOING ANTI TACHE ', 'ART1564C473', 'no_image.png', 0, 0, 0, 5, '2025-11-12 16:26:26'),
(3825, 0, 0, 'حاملة صابون معطر', 'ART10323474', 'no_image.png', 0, 0, 0, 5, '2025-11-12 16:26:26'),
(3826, 0, 0, 'POUDRE CANARD POW  WC CHOC WC	', 'ART065C9475', 'no_image.png', 0, 0, 0, 5, '2025-11-12 16:26:26'),
(3827, 0, 0, 'يد مكنسة طويلة جدا', 'ART44387476', 'no_image.png', 0, 0, 0, 5, '2025-11-12 16:26:26'),
(3828, 0, 0, 'CHAMOISINE', 'ART93348477', 'no_image.png', 0, 0, 0, 5, '2025-11-12 16:26:26'),
(3829, 0, 0, 'PC DE BUREAU  I7 8è GéN 8GO 1TO- 12MO DE CACHE', 'ART052D3478', 'no_image.png', 0, 0, 0, 5, '2025-11-12 16:26:26'),
(3830, 0, 0, 'مضرب كرة السرعة raquette speed Ball', 'ART01849479', 'no_image.png', 0, 0, 0, 5, '2025-11-12 16:26:26'),
(3831, 0, 0, 'بكرة كرة السرعة', 'ART481F2480', 'no_image.png', 0, 0, 0, 5, '2025-11-12 16:26:26'),
(3832, 0, 0, 'كرة كرة السرعة ballon speed Ball', 'ART191DF481', 'no_image.png', 0, 0, 0, 5, '2025-11-12 16:26:26'),
(3833, 0, 0, 'TRICOT', 'ART01388482', 'no_image.png', 0, 0, 0, 5, '2025-11-12 16:26:26'),
(3834, 0, 0, 'PUPITRE D ORCHESTRE NOIR - QS', 'ART8119D483', 'no_image.png', 0, 0, 0, 5, '2025-11-12 16:26:26'),
(3835, 0, 0, 'CARTOUCHE KYOCERA TK -160', 'ART16898484', 'no_image.png', 0, 0, 0, 5, '2025-11-12 16:26:26'),
(3836, 0, 0, 'حاوية فضلات GM', 'ART502DC485', 'no_image.png', 0, 0, 0, 5, '2025-11-12 16:26:26'),
(3837, 0, 0, 'CHAISES SANS ACCARDOIRE', 'ART52485486', 'no_image.png', 0, 0, 0, 5, '2025-11-12 16:26:26'),
(3838, 0, 0, 'ELEMENTS DE RONGEMENT', 'ART64256487', 'no_image.png', 0, 0, 0, 5, '2025-11-12 16:26:26'),
(3839, 0, 0, 'GUITARE ELECTIIQUE', 'ART7958A488', 'no_image.png', 0, 0, 0, 5, '2025-11-12 16:26:26'),
(3840, 0, 0, 'BATTERIE', 'ART261A6489', 'no_image.png', 0, 0, 0, 5, '2025-11-12 16:26:26'),
(3841, 0, 0, 'VIOLON', 'ART7749E491', 'no_image.png', 0, 0, 0, 5, '2025-11-12 16:26:26'),
(3842, 0, 0, 'DARBOUKA', 'ART18024492', 'no_image.png', 0, 0, 0, 5, '2025-11-12 16:26:26'),
(3843, 0, 0, 'DARBOUKA ORIENTALE', 'ART290DD493', 'no_image.png', 0, 0, 0, 5, '2025-11-12 16:26:26'),
(3844, 0, 0, 'عود شرقي LUTL', 'ART425E5494', 'no_image.png', 0, 0, 0, 5, '2025-11-12 16:26:26'),
(3845, 0, 0, 'JEUX DE FLUTLES مجموعة نايات', 'ART007E1495', 'no_image.png', 0, 0, 0, 5, '2025-11-12 16:26:26'),
(3846, 0, 0, 'ORGUE  ORIENTALE', 'ART773B5496', 'no_image.png', 0, 0, 0, 5, '2025-11-12 16:26:26'),
(3847, 0, 0, 'ARMOIRE FRIGO 700', 'ART195EA497', 'no_image.png', 0, 0, 0, 5, '2025-11-12 16:26:26'),
(3848, 0, 0, 'VERRES A EAU', 'ART77873498', 'no_image.png', 0, 0, 0, 5, '2025-11-12 16:26:26'),
(3849, 0, 0, 'PLATEAUX RECTANGULAIRE GM', 'ART6447F499', 'no_image.png', 0, 0, 0, 5, '2025-11-12 16:26:26'),
(3850, 0, 0, 'PLATEAUX RECTONGULAIRE PM', 'ART85426500', 'no_image.png', 0, 0, 0, 5, '2025-11-12 16:26:26'),
(3851, 0, 0, 'JEUX DE TROIS MARMITES', 'ART1443F501', 'no_image.png', 0, 0, 0, 5, '2025-11-12 16:26:26'),
(3852, 0, 0, 'BROC A CAFE', 'ART858CA502', 'no_image.png', 0, 0, 0, 5, '2025-11-12 16:26:26'),
(3853, 0, 0, 'PAQUE DE GRILLADE A GAZ SERIE 900', 'ART15137504', 'no_image.png', 0, 0, 0, 5, '2025-11-12 16:26:26'),
(3854, 0, 0, 'JEUX DE 3 CASSEROLES', 'ART121B4505', 'no_image.png', 0, 0, 0, 5, '2025-11-12 16:26:26'),
(3855, 0, 0, 'JEUX DE  2 PASSOIRS', 'ART635E1506', 'no_image.png', 0, 0, 0, 5, '2025-11-12 16:26:26'),
(3856, 0, 0, 'PAIRE DE CAGE MINI -HAND زوجي مرمى', 'ART16548507', 'no_image.png', 0, 0, 0, 5, '2025-11-12 16:26:26'),
(3857, 0, 0, 'TABLE MILTIMIDIA', 'ART450C5509', 'no_image.png', 0, 0, 0, 5, '2025-11-12 16:26:26'),
(3858, 0, 0, 'AREMOIRE EN BOIS', 'ART8872A510', 'no_image.png', 0, 0, 0, 5, '2025-11-12 16:26:26'),
(3859, 0, 0, 'BUREAUX CHEF SERVICE', 'ART481BC511', 'no_image.png', 0, 0, 0, 5, '2025-11-12 16:26:26'),
(3860, 0, 0, 'FOUTTEUILLE CHEF SEVICE', 'ART027A8512', 'no_image.png', 0, 0, 0, 5, '2025-11-12 16:26:26'),
(3861, 0, 0, 'BUREAUX  TYPE A', 'ART42913513', 'no_image.png', 0, 0, 0, 5, '2025-11-12 16:26:26'),
(3862, 0, 0, 'BUREAUX TYPE B', 'ART2546A514', 'no_image.png', 0, 0, 0, 5, '2025-11-12 16:26:26'),
(3863, 0, 0, 'SALON D HANNEURE', 'ART536D6515', 'no_image.png', 0, 0, 0, 5, '2025-11-12 16:26:26'),
(3864, 0, 0, 'TABLES PLASTIQUE', 'ART722F3516', 'no_image.png', 0, 0, 0, 5, '2025-11-12 16:26:26'),
(3865, 0, 0, 'CHAISE PLASTIQUE', 'ART5083B517', 'no_image.png', 0, 0, 0, 5, '2025-11-12 16:26:26'),
(3866, 0, 0, 'TAPIS SYNTETIQUE', 'ART98750519', 'no_image.png', 0, 0, 0, 5, '2025-11-12 16:26:26'),
(3867, 0, 0, 'شباك  كرة يد COMP', 'ART948E1520', 'no_image.png', 0, 0, 0, 5, '2025-11-12 16:26:26'),
(3868, 0, 0, 'FONTAINE FRAICHE', 'ART85074521', 'no_image.png', 0, 0, 0, 5, '2025-11-12 16:26:26'),
(3869, 0, 0, 'AREMOIRE METALIQUE', 'ART496A3522', 'no_image.png', 0, 0, 0, 5, '2025-11-12 16:26:26'),
(3870, 0, 0, 'P PLONCHEY ET CERCAUX BB', 'ART710D3523', 'no_image.png', 0, 0, 0, 5, '2025-11-12 16:26:26'),
(3871, 0, 0, 'كرة سلة T 5 ENT', 'ART74136524', 'no_image.png', 0, 0, 0, 5, '2025-11-12 16:26:26'),
(3872, 0, 0, 'كرة سلة T 6 ENT', 'ART47595525', 'no_image.png', 0, 0, 0, 5, '2025-11-12 16:26:26'),
(3873, 0, 0, 'كرة رقبي ENT', 'ART3854A526', 'no_image.png', 0, 0, 0, 5, '2025-11-12 16:26:26'),
(3874, 0, 0, 'كرة يد T 1', 'ART823B2527', 'no_image.png', 0, 0, 0, 5, '2025-11-12 16:26:26'),
(3875, 0, 0, 'كرة يد  T 3 COMP', 'ART7189E528', 'no_image.png', 0, 0, 0, 5, '2025-11-12 16:26:26'),
(3876, 0, 0, 'كرة تنس ENT', 'ART024FE529', 'no_image.png', 0, 0, 0, 5, '2025-11-12 16:26:26'),
(3877, 0, 0, 'كرة تنس COMP', 'ART7491D530', 'no_image.png', 0, 0, 0, 5, '2025-11-12 16:26:26'),
(3878, 0, 0, 'كرة طاولة  COMP', 'ART72397531', 'no_image.png', 0, 0, 0, 5, '2025-11-12 16:26:26');
INSERT INTO `article` (`id`, `categorie_id`, `fournisseur_id`, `nom`, `reference`, `description`, `prixachat`, `prixvente`, `stock`, `seuilalerte`, `datecreation`) VALUES
(3879, 0, 0, 'كرة طبية 6 كغ', 'ART6129D534', 'no_image.png', 0, 0, 0, 5, '2025-11-12 16:26:26'),
(3880, 0, 0, 'كرة حديدية POIDS 3 كغ', 'ART4264D535', 'no_image.png', 0, 0, 0, 5, '2025-11-12 16:26:26'),
(3881, 0, 0, 'زوجي كرة سلة BASKET', 'ART271AA538', 'no_image.png', 0, 0, 0, 5, '2025-11-12 16:26:26'),
(3882, 0, 0, 'GASBA قصبة', 'ART0816B539', 'no_image.png', 0, 0, 0, 5, '2025-11-12 16:26:26'),
(3883, 0, 0, 'SAXO-FONNE', 'ART1381C540', 'no_image.png', 0, 0, 0, 5, '2025-11-12 16:26:26'),
(3884, 0, 0, 'كرة قدم T 4', 'ART62849541', 'no_image.png', 0, 0, 0, 5, '2025-11-12 16:26:26'),
(3885, 0, 0, 'كرة قدم T3', 'ART1741B542', 'no_image.png', 0, 0, 0, 5, '2025-11-12 16:26:26'),
(3886, 0, 0, 'PALOT  DE TRAINING40 SOUCOUPS', 'ART128AE543', 'no_image.png', 0, 0, 0, 5, '2025-11-12 16:26:26'),
(3887, 0, 0, 'كرة قدم T3 COMP', 'ART19514544', 'no_image.png', 0, 0, 0, 5, '2025-11-12 16:26:26'),
(3888, 0, 0, 'CONES TROUES 50 CM', 'ART33359545', 'no_image.png', 0, 0, 0, 5, '2025-11-12 16:26:26'),
(3889, 0, 0, 'COMPS TROUES 70 CM', 'ART99181546', 'no_image.png', 0, 0, 0, 5, '2025-11-12 16:26:26'),
(3890, 0, 0, 'BATON AVEC 2PINCES', 'ART3537A547', 'no_image.png', 0, 0, 0, 5, '2025-11-12 16:26:26'),
(3891, 0, 0, 'CONES TROUES 70 CM', 'ART235E1550', 'no_image.png', 0, 0, 0, 5, '2025-11-12 16:26:26'),
(3892, 0, 0, 'PLOTS DE TRAINING 40 SONCOUPS', 'ART279F8552', 'no_image.png', 0, 0, 0, 5, '2025-11-12 16:26:26'),
(3893, 0, 0, 'CONES 30 CM', 'ART21034554', 'no_image.png', 0, 0, 0, 5, '2025-11-12 16:26:26'),
(3894, 0, 0, 'كرة مثقلة 0.500', 'ART6601C555', 'no_image.png', 0, 0, 0, 5, '2025-11-12 16:26:26'),
(3895, 0, 0, 'كرة مثقلة 0.800', 'ART166F2556', 'no_image.png', 0, 0, 0, 5, '2025-11-12 16:26:26'),
(3896, 0, 0, 'كرة مثقلة 1 كغ', 'ART78466557', 'no_image.png', 0, 0, 0, 5, '2025-11-12 16:26:26'),
(3897, 0, 0, 'كرة مثقلة 2 كغ ', 'ART2092A558', 'no_image.png', 0, 0, 0, 5, '2025-11-12 16:26:26'),
(3898, 0, 0, 'كرة مثقتة 3 كغ', 'ART416A0560', 'no_image.png', 0, 0, 0, 5, '2025-11-12 16:26:26'),
(3899, 0, 0, 'كرة مثقلة 3 كغ', 'ART294A3561', 'no_image.png', 0, 0, 0, 5, '2025-11-12 16:26:26'),
(3900, 0, 0, 'كرة مثقلة 4 كغ', 'ART23651562', 'no_image.png', 0, 0, 0, 5, '2025-11-12 16:26:26'),
(3901, 0, 0, 'CONES 20 CM', 'ART249AB564', 'no_image.png', 0, 0, 0, 5, '2025-11-12 16:26:26'),
(3902, 0, 0, 'SCANNER  EPSON V 370', 'ART01164567', 'no_image.png', 0, 0, 0, 5, '2025-11-12 16:26:26'),
(3903, 0, 0, 'MATLAS D UNE PLACE', 'ART634F5568', 'no_image.png', 0, 0, 0, 5, '2025-11-12 16:26:26'),
(3904, 0, 0, 'SERVICE DE TABLE', 'ART4609C569', 'no_image.png', 0, 0, 0, 5, '2025-11-12 16:26:26'),
(3905, 0, 0, 'SIGE INFORMATIQUE', 'ART2812E570', 'no_image.png', 0, 0, 0, 5, '2025-11-12 16:26:26'),
(3906, 0, 0, 'ELEMANT DE RANGEMENT EN BOIS -VITRE', 'ART23112571', 'no_image.png', 0, 0, 0, 5, '2025-11-12 16:26:26'),
(3907, 0, 0, 'TV LED HD 43 ', 'ART053D3572', 'no_image.png', 0, 0, 0, 5, '2025-11-12 16:26:26'),
(3908, 0, 0, 'TABLE POUR MICRO ORDNATEUR', 'ART419E6573', 'no_image.png', 0, 0, 0, 5, '2025-11-12 16:26:26'),
(3909, 0, 0, 'PORTE MONTEAUX', 'ART03277574', 'no_image.png', 0, 0, 0, 5, '2025-11-12 16:26:26'),
(3910, 0, 0, 'TABLE DE REUNION 12 PLASE', 'ART94271575', 'no_image.png', 0, 0, 0, 5, '2025-11-12 16:26:26'),
(3911, 0, 0, 'CARTOUCH TOSHIBA D 2300 E', 'ART03422577', 'no_image.png', 0, 0, 0, 5, '2025-11-12 16:26:26'),
(3912, 0, 0, 'زوجي خشبة B B', 'ART09957578', 'no_image.png', 0, 0, 0, 5, '2025-11-12 16:26:26'),
(3913, 0, 0, 'MICROPHONE DYNAMIQUE DM 210', 'ART4294C579', 'no_image.png', 0, 0, 0, 5, '2025-11-12 16:26:26'),
(3914, 0, 0, 'UNITE DE SONORISATION PORTABLE MODEL HPA', 'ART73479580', 'no_image.png', 0, 0, 0, 5, '2025-11-12 16:26:26'),
(3915, 0, 0, 'LIT+TABLE DE NUIT', 'ART30477581', 'no_image.png', 0, 0, 0, 5, '2025-11-12 16:26:26'),
(3916, 0, 0, 'IMPRIMANTE  LEXMARK MS317DN', 'ART628EA583', 'no_image.png', 0, 0, 0, 5, '2025-11-12 16:26:26'),
(3917, 0, 0, 'FAUTEUIL ERGONOMIQUE - POUR C.S ET S.D', 'ART1872F586', 'no_image.png', 0, 0, 0, 5, '2025-11-12 16:26:26'),
(3918, 0, 0, 'SIEGE INFORMATIQUE', 'ART4372B587', 'no_image.png', 0, 0, 0, 5, '2025-11-12 16:26:26'),
(3919, 0, 0, 'زوجي مرمى كرة يد (خاص بالقاعة)', 'ART1494B593', 'no_image.png', 0, 0, 0, 5, '2025-11-12 16:26:26'),
(3920, 0, 0, 'IMPRIMANTE BROTHER HL 1110', 'ART958F6594', 'no_image.png', 0, 0, 0, 5, '2025-11-12 16:26:26'),
(3921, 0, 0, 'IMPRIMANTE LAZER MONOCHROME OKI B840 DN', 'ART520ED595', 'no_image.png', 0, 0, 0, 5, '2025-11-12 16:26:26'),
(3922, 0, 0, 'REPOSE PIEDS', 'ART530C2596', 'no_image.png', 0, 0, 0, 5, '2025-11-12 16:26:26'),
(3923, 0, 0, 'PORTE MANTEAU EN INOX', 'ART8922F597', 'no_image.png', 0, 0, 0, 5, '2025-11-12 16:26:26'),
(3924, 0, 0, 'UNITE DE SONORISATION PORTATIVE YAMAHA STAGEP AS 600BT', 'ART469C7598', 'no_image.png', 0, 0, 0, 5, '2025-11-12 16:26:26'),
(3925, 0, 0, 'UNITE DE SONORISATION YAMAHA EMX5016 CF', 'ART171DA599', 'no_image.png', 0, 0, 0, 5, '2025-11-12 16:26:26'),
(3926, 0, 0, 'CAMESCOPE NUMERIQUE + TRIPIED + SAC PRO', 'ART255F0600', 'no_image.png', 0, 0, 0, 5, '2025-11-12 16:26:26'),
(3927, 0, 0, 'BABY FOOT TYPE A', 'ART72123601', 'no_image.png', 0, 0, 0, 5, '2025-11-12 16:26:26'),
(3928, 0, 0, 'كرة قدم T5', 'ART195DE602', 'no_image.png', 0, 0, 0, 5, '2025-11-12 16:26:26'),
(3929, 0, 0, 'DESCENTE LIT', 'ART621EF603', 'no_image.png', 0, 0, 0, 5, '2025-11-12 16:26:26'),
(3930, 0, 0, 'OREILLERS EN OUATE', 'ART086FB604', 'no_image.png', 0, 0, 0, 5, '2025-11-12 16:26:26'),
(3931, 0, 0, 'TAIES D ORILLERS', 'ART32081605', 'no_image.png', 0, 0, 0, 5, '2025-11-12 16:26:26'),
(3932, 0, 0, 'STYLO MARQUEUR', 'ART69056606', 'no_image.png', 0, 0, 0, 5, '2025-11-12 16:26:26'),
(3933, 0, 0, 'TAPIS DE MUSCULATION', 'ART2762E607', 'no_image.png', 0, 0, 0, 5, '2025-11-12 16:26:26'),
(3934, 0, 0, 'IMPRIMANTE SUMSUNG ML 2020', 'ART141E4608', 'no_image.png', 0, 0, 0, 5, '2025-11-12 16:26:26'),
(3935, 0, 0, 'PARAPHEURE', 'ART955EB609', 'no_image.png', 0, 0, 0, 5, '2025-11-12 16:26:26'),
(3936, 0, 0, 'CARTOUCHE KYOCERA FS-C 5350 DN', 'ART878EC610', 'no_image.png', 0, 0, 0, 5, '2025-11-12 16:26:26'),
(3937, 0, 0, 'CARTOUCHE CANON SENSYS  LBP 7018 C', 'ART208DA611', 'no_image.png', 0, 0, 0, 5, '2025-11-12 16:26:26'),
(3938, 0, 0, 'CHAUFFAGE BAIN D HUIL 9 ELEMENT', 'ART89880612', 'no_image.png', 0, 0, 0, 5, '2025-11-12 16:26:26'),
(3939, 0, 0, 'PNEU 175/65 R14 AMINE ', 'ART244F3613', 'no_image.png', 0, 0, 0, 5, '2025-11-12 16:26:26'),
(3940, 0, 0, 'PNEU 225/75 R16  AMINE DV 82', 'ART7833E614', 'no_image.png', 0, 0, 0, 5, '2025-11-12 16:26:26'),
(3941, 0, 0, 'PNEU 7.00/16 + CHAMBRE A AIRE + FLAPS AMINE SN 66', 'ART8895E615', 'no_image.png', 0, 0, 0, 5, '2025-11-12 16:26:26'),
(3942, 0, 0, 'TONNER TOSHIBA T 2309', 'ART3151F616', 'no_image.png', 0, 0, 0, 5, '2025-11-12 16:26:26'),
(3943, 0, 0, 'CARTOUCHE SAMSUNG MLT D101S', 'ART8297E617', 'no_image.png', 0, 0, 0, 5, '2025-11-12 16:26:26'),
(3944, 0, 0, 'PILE CR2032E 3V', 'ART8201B618', 'no_image.png', 0, 0, 0, 5, '2025-11-12 16:26:26'),
(3945, 0, 0, 'PILE 23A 12V', 'ART930E9619', 'no_image.png', 0, 0, 0, 5, '2025-11-12 16:26:26'),
(3946, 0, 0, 'CABLE AUDIO 3.5 VERS 6.35 STEREO JACK 2M', 'ART277F5620', 'no_image.png', 0, 0, 0, 5, '2025-11-12 16:26:26'),
(3947, 0, 0, 'ADAPTATEUR JACK 6.35 MALE VERS 3.5 FEMELLE ', 'ART451A2621', '720027adpt.jpg', 0, 0, 0, 5, '2025-11-12 16:26:26'),
(3948, 0, 0, 'TONER HP 12A ADAPTABLE NOIR POUR IMPRIMANTE HP LASERJET 1018', 'ART85748622', 'no_image.png', 0, 0, 0, 5, '2025-11-12 16:26:26'),
(3949, 0, 0, 'CABLE IMPRIMANTE USB 5M', 'ART24784623', '353345cableimp5m.jpg', 0, 0, 0, 5, '2025-11-12 16:26:26'),
(3950, 0, 0, 'Haut parleur pc', 'ART756BD624', 'no_image.png', 0, 0, 0, 5, '2025-11-12 16:26:26'),
(3951, 0, 0, 'Switcher réseau (Hub 24 parts)', 'ART54625625', 'no_image.png', 0, 0, 0, 5, '2025-11-12 16:26:26'),
(3952, 0, 0, 'شبكة كرة قدم كبيرة', 'ART31283626', 'no_image.png', 0, 0, 0, 5, '2025-11-12 16:26:26'),
(3953, 0, 0, 'Filet de handball', 'ART01422627', 'no_image.png', 0, 0, 0, 5, '2025-11-12 16:26:26'),
(3954, 0, 0, 'Harmonica Bee 24 holes', 'ART03920628', 'no_image.png', 0, 0, 0, 5, '2025-11-12 16:26:26'),
(3955, 0, 0, 'Xylophone carillon 25 notes G2-G4', 'ART1133C629', 'no_image.png', 0, 0, 0, 5, '2025-11-12 16:26:26'),
(3956, 0, 0, 'Tablette 7“ Wifi', 'ART612CD630', 'no_image.png', 0, 0, 0, 5, '2025-11-12 16:26:26'),
(3957, 0, 0, 'Sac pour Appareil Photo Numérique-Dimensions intérieures 175x160x110 mm - Dimensions extérieures 245x195x130 mm - Poids 0,42 kg', 'ART5304B631', 'no_image.png', 0, 0, 0, 5, '2025-11-12 16:26:26'),
(3958, 0, 0, 'HOME CINEMA SAMSUNG HT-F453 HBK', 'ART32810632', 'no_image.png', 0, 0, 0, 5, '2025-11-12 16:26:26'),
(3959, 0, 0, 'souffleur electrique', 'ART40671633', 'no_image.png', 0, 0, 0, 5, '2025-11-12 16:26:26'),
(3960, 0, 0, 'micro casque rechargeable + batterie', 'ART16542634', 'no_image.png', 0, 0, 0, 5, '2025-11-12 16:26:26'),
(3961, 0, 0, 'poste cd pour voiture', 'ART707C1635', 'no_image.png', 0, 0, 0, 5, '2025-11-12 16:26:26'),
(3962, 0, 0, 'capteur wifi', 'ART705BA636', 'no_image.png', 0, 0, 0, 5, '2025-11-12 16:26:26'),
(3963, 0, 0, 'PILE 9V RECHARGEABLE', 'ART1035F637', 'no_image.png', 0, 0, 0, 5, '2025-11-12 16:26:26'),
(3964, 0, 0, 'CASQUE MP5', 'ART414AD638', 'no_image.png', 0, 0, 0, 5, '2025-11-12 16:26:26'),
(3965, 0, 0, 'SOUFFLEUR ELECTRIQUE', 'ART08845639', 'no_image.png', 0, 0, 0, 5, '2025-11-12 16:26:26'),
(3966, 0, 0, 'MICROCASQUE RECHARGEABLE+ BATTERIE', 'ART92352640', 'no_image.png', 0, 0, 0, 5, '2025-11-12 16:26:26'),
(3967, 0, 0, 'FLYBOX', 'ART013CA641', 'no_image.png', 0, 0, 0, 5, '2025-11-12 16:26:26'),
(3968, 0, 0, 'PC DE BUREAU I5', 'ART319FF642', 'no_image.png', 0, 0, 0, 5, '2025-11-12 16:26:26'),
(3969, 0, 0, 'قارورة إطفاء حريق', 'ART1219C643', 'no_image.png', 0, 0, 0, 5, '2025-11-12 16:26:26'),
(3970, 0, 0, 'CHAMOISINE BLANCHE', 'ART724FB645', 'no_image.png', 0, 0, 0, 5, '2025-11-12 16:26:26'),
(3971, 0, 0, 'APPAREIL PLASTIFICATION', 'ART23879646', 'no_image.png', 0, 0, 0, 5, '2025-11-12 16:26:26'),
(3972, 0, 0, 'paquet de 50 sachet poubelle 100 L', 'ART08031647', '213182647.jpg', 0, 0, 0, 5, '2025-11-12 16:26:26'),
(3973, 0, 0, 'Imprimante EPSON 3110 (3en1)', 'ART9698A648', 'no_image.png', 0, 0, 0, 5, '2025-11-12 16:26:26'),
(3974, 0, 0, 'Rouleau Papier Fax 210mm 30m', 'ART95120649', 'no_image.png', 0, 0, 0, 5, '2025-11-12 16:26:26'),
(3975, 0, 0, 'ممسحة زجاج النوافذ', 'ART61028650', '461045rakletfenetre.jpg', 0, 0, 0, 5, '2025-11-12 16:26:26'),
(3976, 0, 0, 'Mécanique guitare classique - clé de réglage', 'ART564AB651', '8152452-guitare-classique-reglage-tuner-cles-chevilles-m.jpg', 0, 0, 0, 5, '2025-11-12 16:26:26'),
(3977, 0, 0, 'Archet violon قوس كمنجة', 'ART6804F653', 'no_image.png', 0, 0, 0, 5, '2025-11-12 16:26:26'),
(3978, 0, 0, 'plectre guitare ريشة قيتار', 'ART3558D654', 'no_image.png', 0, 0, 0, 5, '2025-11-12 16:26:26'),
(3979, 0, 0, 'Plectre Aoud ريشة عود', 'ART205D6655', 'no_image.png', 0, 0, 0, 5, '2025-11-12 16:26:26'),
(3980, 0, 0, 'Stabilisateur camera en forme circulaire', 'ART95184656', 'no_image.png', 0, 0, 0, 5, '2025-11-12 16:26:26'),
(3981, 0, 0, 'Cromakey 1.8 * 2.8 mètre', 'ART72114657', 'no_image.png', 0, 0, 0, 5, '2025-11-12 16:26:26'),
(3982, 0, 0, 'chargeur camera SAMSUNG ES65', 'ART560DB658', 'no_image.png', 0, 0, 0, 5, '2025-11-12 16:26:26'),
(3983, 0, 0, 'Chargeur camera SONY model N° DSC-W710', 'ART83885659', 'no_image.png', 0, 0, 0, 5, '2025-11-12 16:26:26'),
(3984, 0, 0, 'Plot de marquage 50 pièces', 'ART55398660', 'no_image.png', 0, 0, 0, 5, '2025-11-12 16:26:26'),
(3985, 0, 0, 'photocopieuse SHARP AR 6020', 'ART279E1661', 'no_image.png', 0, 0, 0, 5, '2025-11-12 16:26:26'),
(3986, 0, 0, 'Cartouche photocopieuse AR 6020', 'ART9819C662', 'no_image.png', 0, 0, 0, 5, '2025-11-12 16:26:26'),
(3987, 0, 0, 'spiraleuse en acier', 'ART81969663', 'no_image.png', 0, 0, 0, 5, '2025-11-12 16:26:26'),
(3988, 0, 0, 'Climatiseur 18000', 'ART4563C664', 'no_image.png', 0, 0, 0, 5, '2025-11-12 16:26:26'),
(3989, 0, 0, 'Climatiseur 24000', 'ART766EF665', 'no_image.png', 0, 0, 0, 5, '2025-11-12 16:26:26'),
(3990, 0, 0, 'Unite Centrale PC', 'ART212FA666', 'no_image.png', 0, 0, 0, 5, '2025-11-12 16:26:26'),
(3991, 0, 0, 'ORDINATEUR BUREAU I5 DELL', 'ART39413667', 'no_image.png', 0, 0, 0, 5, '2025-11-12 16:26:26'),
(3992, 0, 0, 'Canon PIXMA G2411', 'ART47573668', 'no_image.png', 0, 0, 0, 5, '2025-11-12 16:26:26'),
(3993, 0, 0, 'آلة القانون', 'ART6456B669', 'no_image.png', 0, 0, 0, 5, '2025-11-12 16:26:26'),
(3994, 0, 0, 'TV LED 32 pouce', 'ART952C7670', 'no_image.png', 0, 0, 0, 5, '2025-11-12 16:26:26'),
(3995, 0, 0, 'Epingle fixation vêtement', 'ART422CE671', 'no_image.png', 0, 0, 0, 5, '2025-11-12 16:26:26'),
(3996, 0, 0, 'Imprimante HP M15W', 'ART388B5672', 'no_image.png', 0, 0, 0, 5, '2025-11-12 16:26:26'),
(3997, 0, 0, 'دفتر وسيلة نقل', 'ART9141E673', 'no_image.png', 0, 0, 0, 5, '2025-11-12 16:26:26'),
(3998, 0, 0, 'كنش إذن بمأمورية داخل الجمهورية', 'ART77778674', 'no_image.png', 0, 0, 0, 5, '2025-11-12 16:26:26'),
(3999, 0, 0, 'كنش إذن بمأمورية لإستعمال عربة مصلحة', 'ART839FF675', 'no_image.png', 0, 0, 0, 5, '2025-11-12 16:26:26'),
(4000, 0, 0, 'Dateur en Arabe', 'ART69394676', 'no_image.png', 0, 0, 0, 5, '2025-11-12 16:26:26'),
(4001, 0, 0, 'Cartouche Fax CE 435 A', 'ART571E5677', 'no_image.png', 0, 0, 0, 5, '2025-11-12 16:26:26'),
(4002, 0, 0, 'علم تونس', 'ART762BE678', 'no_image.png', 0, 0, 0, 5, '2025-11-12 16:26:26'),
(4003, 0, 0, 'حواجز', 'ART53281679', 'no_image.png', 0, 0, 0, 5, '2025-11-12 16:26:26'),
(4004, 0, 0, 'corde a Sauter', 'ART335ED680', 'no_image.png', 0, 0, 0, 5, '2025-11-12 16:26:26'),
(4005, 0, 0, 'شريحة رياضية', 'ART0818A681', 'no_image.png', 0, 0, 0, 5, '2025-11-12 16:26:26'),
(4006, 0, 0, 'أقماع تمارين', 'ART467EB682', 'no_image.png', 0, 0, 0, 5, '2025-11-12 16:26:26'),
(4007, 0, 0, 'Violoncelle', 'ART469FC683', '83956Roth-Junius-Europe-4-4-Student-Cello-Set-205x300.png', 0, 0, 0, 5, '2025-11-12 16:26:26'),
(4008, 0, 0, 'ORDINATEUR GAMING OMEN', 'ART5422A684', 'no_image.png', 0, 0, 0, 5, '2025-11-12 16:26:26'),
(4009, 0, 0, 'tapis évolution gymnastique', 'ART200DF685', 'no_image.png', 0, 0, 0, 5, '2025-11-12 16:26:26'),
(4010, 0, 0, 'tente de camping 2 places', 'ART154DF686', 'no_image.png', 0, 0, 0, 5, '2025-11-12 16:26:26'),
(4011, 0, 0, 'sac de couchage', 'ART460BE687', 'no_image.png', 0, 0, 0, 5, '2025-11-12 16:26:26'),
(4012, 0, 0, 'chaine en acier سلسلة حديد', 'ART96517688', 'no_image.png', 0, 0, 0, 5, '2025-11-12 16:26:26'),
(4013, 0, 0, 'roulette 3m', 'ART2033B689', 'no_image.png', 0, 0, 0, 5, '2025-11-12 16:26:26'),
(4014, 0, 0, 'roulette 5m', 'ART158E3690', 'no_image.png', 0, 0, 0, 5, '2025-11-12 16:26:26'),
(4015, 0, 0, 'roulette 20m', 'ART912BC691', 'no_image.png', 0, 0, 0, 5, '2025-11-12 16:26:26'),
(4016, 0, 0, 'tube rond 60 / 6m', 'ART13055692', 'no_image.png', 0, 0, 0, 5, '2025-11-12 16:26:26'),
(4017, 0, 0, 'tube rond 40 / 6m', 'ART196E5693', 'no_image.png', 0, 0, 0, 5, '2025-11-12 16:26:26'),
(4018, 0, 0, 'fer 100 / 6m', 'ART4316A694', 'no_image.png', 0, 0, 0, 5, '2025-11-12 16:26:26'),
(4019, 0, 0, 'fer rond 14 / 6m', 'ART81763695', 'no_image.png', 0, 0, 0, 5, '2025-11-12 16:26:26'),
(4020, 0, 0, 'cornier 50 / 6m', 'ART035B3696', 'no_image.png', 0, 0, 0, 5, '2025-11-12 16:26:26'),
(4021, 0, 0, 'berwette orange', 'ART12555697', 'no_image.png', 0, 0, 0, 5, '2025-11-12 16:26:26'),
(4022, 0, 0, 'pelle avec monche', 'ART44493698', 'no_image.png', 0, 0, 0, 5, '2025-11-12 16:26:26'),
(4023, 0, 0, 'rateau avec monche', 'ART834DF699', 'no_image.png', 0, 0, 0, 5, '2025-11-12 16:26:26'),
(4024, 0, 0, 'pioche avec monche', 'ART776A1700', 'no_image.png', 0, 0, 0, 5, '2025-11-12 16:26:26'),
(4025, 0, 0, 'مكنسة بلدية  balai de tritare', 'ART26289701', 'no_image.png', 0, 0, 0, 5, '2025-11-12 16:26:26'),
(4026, 0, 0, 'photocopieuse A3/A4', 'ART487CB705', 'no_image.png', 0, 0, 0, 5, '2025-11-12 16:26:26'),
(4027, 0, 0, 'appareil de telphone fixe', 'ART6855E706', 'no_image.png', 0, 0, 0, 5, '2025-11-12 16:26:26'),
(4028, 0, 0, 'paquet de stylo bleu', 'ART25974707', 'no_image.png', 0, 0, 0, 5, '2025-11-12 16:26:26'),
(4029, 0, 0, 'fiche RJ45', 'ART6342A708', 'no_image.png', 0, 0, 0, 5, '2025-11-12 16:26:26'),
(4030, 0, 0, 'Cable RJ11', 'ART44178710', 'no_image.png', 0, 0, 0, 5, '2025-11-12 16:26:26'),
(4031, 0, 0, 'Tapis souris', 'ART711DA711', 'no_image.png', 0, 0, 0, 5, '2025-11-12 16:26:26'),
(4032, 0, 0, 'CARTOUCHE SAMSUNG ML 3051 N', 'ART829DC712', 'no_image.png', 0, 0, 0, 5, '2025-11-12 16:26:26'),
(4033, 0, 0, 'RADIATEUR A BAIN HUILE', 'ART043BE713', 'no_image.png', 0, 0, 0, 5, '2025-11-12 16:26:26'),
(4034, 0, 0, 'REFRIGERATEUR ELECTRIQUE DE BUREAU', 'ART90424714', 'no_image.png', 0, 0, 0, 5, '2025-11-12 16:26:26'),
(4035, 0, 0, 'refroidisseur eau a bonbonne', 'ART15077715', 'no_image.png', 0, 0, 0, 5, '2025-11-12 16:26:26'),
(4036, 0, 0, 'TV LED SMART 55 pouce', 'ART268EA716', 'no_image.png', 0, 0, 0, 5, '2025-11-12 16:26:26'),
(4037, 0, 0, 'megaphone', 'ART8502D717', 'no_image.png', 0, 0, 0, 5, '2025-11-12 16:26:26'),
(4038, 0, 0, 'Ordinateur Portable', 'ART64322718', 'no_image.png', 0, 0, 0, 5, '2025-11-12 16:26:26'),
(4039, 0, 0, 'Corde - حبل', 'ART46124719', 'no_image.png', 0, 0, 0, 5, '2025-11-12 16:26:26'),
(4040, 0, 0, 'chignole', 'ART0664E720', 'no_image.png', 0, 0, 0, 5, '2025-11-12 16:26:26'),
(4041, 0, 0, 'surfaceur 20 kg', 'ART3081A721', 'no_image.png', 0, 0, 0, 5, '2025-11-12 16:26:26'),
(4042, 0, 0, 'peinture laque 4 kg', 'ART4789B722', 'no_image.png', 0, 0, 0, 5, '2025-11-12 16:26:26'),
(4043, 0, 0, 'teinte laqué coloré', 'ART864B9723', 'no_image.png', 0, 0, 0, 5, '2025-11-12 16:26:26'),
(4044, 0, 0, 'Roulette Surfaceur', 'ART707CA724', 'no_image.png', 0, 0, 0, 5, '2025-11-12 16:26:26'),
(4045, 0, 0, 'pinceau peinture n°30', 'ART493C8725', 'no_image.png', 0, 0, 0, 5, '2025-11-12 16:26:26'),
(4046, 0, 0, 'pinceau peinture n°40', 'ART6318D726', 'no_image.png', 0, 0, 0, 5, '2025-11-12 16:26:26'),
(4047, 0, 0, 'pinceau peinture n°50', 'ART25767727', 'no_image.png', 0, 0, 0, 5, '2025-11-12 16:26:26'),
(4048, 0, 0, 'pinceau peinture n°60', 'ART0805D728', 'no_image.png', 0, 0, 0, 5, '2025-11-12 16:26:26'),
(4049, 0, 0, 'chaux vive جير', 'ART0069E729', 'no_image.png', 0, 0, 0, 5, '2025-11-12 16:26:26'),
(4050, 0, 0, 'diluant peinture 12', 'ART499FE730', 'no_image.png', 0, 0, 0, 5, '2025-11-12 16:26:26'),
(4051, 0, 0, 'دهن صديد', 'ART2931C731', 'no_image.png', 0, 0, 0, 5, '2025-11-12 16:26:26'),
(4052, 0, 0, 'طابع بريدي إداري 750', 'ART99194732', 'no_image.png', 0, 0, 0, 5, '2025-11-12 16:26:26'),
(4053, 0, 0, 'طابع بريدي إداري 1200', 'ART98591733', 'no_image.png', 0, 0, 0, 5, '2025-11-12 16:26:26'),
(4054, 0, 0, 'Tube Surfaceur', 'ART07418734', 'no_image.png', 0, 0, 0, 5, '2025-11-12 16:26:26'),
(4055, 0, 0, 'bobine reseaux', 'ART692C5735', 'no_image.png', 0, 0, 0, 5, '2025-11-12 16:26:26'),
(4056, 0, 0, 'AUTOCOM LG ERICSON EMG 800', 'ART92694736', 'no_image.png', 0, 0, 0, 5, '2025-11-12 16:26:26'),
(4057, 0, 0, 'POSTE OPERATEUR LDP-9224D', 'ART44095737', 'no_image.png', 0, 0, 0, 5, '2025-11-12 16:26:26'),
(4058, 0, 0, 'POSTE NUMERIQUE LDP-9208', 'ART2652C738', 'no_image.png', 0, 0, 0, 5, '2025-11-12 16:26:26'),
(4059, 0, 0, 'BATTERIE ETANCHE', 'ART1751E739', 'no_image.png', 0, 0, 0, 5, '2025-11-12 16:26:26'),
(4060, 0, 0, 'TENTE POUR 4PERSONNES', 'ART61214740', 'no_image.png', 0, 0, 0, 5, '2025-11-12 16:26:26'),
(4061, 0, 0, 'TENTE POUR 5/6 PERSONNES', 'ART706B1741', 'no_image.png', 0, 0, 0, 5, '2025-11-12 16:26:26'),
(4062, 0, 0, 'TRICORT +SHORT CRJS', 'ART768F9742', 'no_image.png', 0, 0, 0, 5, '2025-11-12 16:26:26'),
(4063, 0, 0, 'SURVETTEMENT CRJS', 'ART646BD743', 'no_image.png', 0, 0, 0, 5, '2025-11-12 16:26:26'),
(4064, 0, 0, 'BALLON PLASTIQUE', 'ART813C5744', 'no_image.png', 0, 0, 0, 5, '2025-11-12 16:26:26'),
(4065, 0, 0, 'Paquet de sachet poubelle MM', 'ART723A3745', 'no_image.png', 0, 0, 0, 5, '2025-11-12 16:26:26'),
(4066, 0, 0, 'Imprimante Jet Encre Couleur', 'ART601E1746', 'no_image.png', 0, 0, 0, 5, '2025-11-12 16:26:26'),
(4067, 0, 0, 'Imprimante Jet Encre Couleur INK TANK 315', 'ART4477D747', 'no_image.png', 0, 0, 0, 5, '2025-11-12 16:26:26'),
(4068, 0, 0, 'Cartouche Imprimante HP INK TANK 315', 'ART846CD748', 'no_image.png', 0, 0, 0, 5, '2025-11-12 16:26:26'),
(4069, 0, 0, 'Disque Dure Interne SSD 256 GB', 'ART1768A749', 'no_image.png', 0, 0, 0, 5, '2025-11-12 16:26:26'),
(4070, 0, 0, 'chaise en plastique dure', 'ART3414C750', 'no_image.png', 0, 0, 0, 5, '2025-11-12 16:26:26'),
(4071, 0, 0, 'chaise de bureau directeur', 'ART219E1751', 'no_image.png', 0, 0, 0, 5, '2025-11-12 16:26:26'),
(4072, 0, 0, 'table rectangle en plastique blanc', 'ART5057E752', 'no_image.png', 0, 0, 0, 5, '2025-11-12 16:26:26'),
(4073, 0, 0, 'Equipement parabolique complet', 'ART111D5753', 'no_image.png', 0, 0, 0, 5, '2025-11-12 16:26:26'),
(4074, 0, 0, 'PHOTOCOPIEUSE SHARP BP20M31', 'ART324B1754', 'no_image.png', 0, 0, 0, 5, '2025-11-12 16:26:26'),
(4075, 0, 0, 'CABLE RESEAU  3 METRE	', 'ART298F7755', 'no_image.png', 0, 0, 0, 5, '2025-11-12 16:26:26'),
(4076, 0, 0, 'Tableau magnetique', 'ART272BF756', 'no_image.png', 0, 0, 0, 5, '2025-11-12 16:26:26'),
(4077, 0, 0, 'Bobine DVD', 'ART126D6757', 'no_image.png', 0, 0, 0, 5, '2025-11-12 16:26:26'),
(4078, 0, 0, 'Boite alimentation PC 400W', 'ART767F4758', 'no_image.png', 0, 0, 0, 5, '2025-11-12 16:26:26'),
(4079, 0, 0, 'Flash disque 32 Go', 'ART73740759', 'no_image.png', 0, 0, 0, 5, '2025-11-12 16:26:26'),
(4080, 0, 0, 'Flash disque 64 Go', 'ART97467760', 'no_image.png', 0, 0, 0, 5, '2025-11-12 16:26:26'),
(4081, 0, 0, 'SCANNER PROFESSIONNEL PANASONIC KV-S1015C', 'ART75244761', 'no_image.png', 0, 0, 0, 5, '2025-11-12 16:26:26'),
(4082, 0, 0, 'POINT D ACCES EAP-115', 'ART7541F762', 'no_image.png', 0, 0, 0, 5, '2025-11-12 16:26:26'),
(4083, 0, 0, 'starter tube neon', 'ART604CD763', 'no_image.png', 0, 0, 0, 5, '2025-11-12 16:26:26'),
(4084, 0, 0, 'Ampoule led 15w E27 filetage', 'ART791A6764', 'no_image.png', 0, 0, 0, 5, '2025-11-12 16:26:26'),
(4085, 0, 0, 'Ampoule led 20w E27 filetage', 'ART081D8765', 'no_image.png', 0, 0, 0, 5, '2025-11-12 16:26:26'),
(4086, 0, 0, 'Projecteur led 150w', 'ART36344766', 'no_image.png', 0, 0, 0, 5, '2025-11-12 16:26:26'),
(4087, 0, 0, 'Serrure a tirage AHRAM', 'ART485D0767', 'no_image.png', 0, 0, 0, 5, '2025-11-12 16:26:26'),
(4088, 0, 0, 'Boite outil électricien ACEM', 'ART36444768', 'no_image.png', 0, 0, 0, 5, '2025-11-12 16:26:26'),
(4089, 0, 0, 'Pince coupant 160 mm ACEM', 'ART370E2769', 'no_image.png', 0, 0, 0, 5, '2025-11-12 16:26:26'),
(4090, 0, 0, 'Pince a dénuder 160 mm ACEM', 'ART471A0770', 'no_image.png', 0, 0, 0, 5, '2025-11-12 16:26:26'),
(4091, 0, 0, 'Pince a crosse 200 mm ACEM', 'ART8017C771', 'no_image.png', 0, 0, 0, 5, '2025-11-12 16:26:26'),
(4092, 0, 0, 'Pince a bec demi rond 160 mm ACEM', 'ART2038D772', 'no_image.png', 0, 0, 0, 5, '2025-11-12 16:26:26'),
(4093, 0, 0, ' Tourne a vis pro PH-1X 100 ACEM', 'ART6614C773', 'no_image.png', 0, 0, 0, 5, '2025-11-12 16:26:26'),
(4094, 0, 0, 'Tourne a vis pro 6X150 ACEM', 'ART070D5774', 'no_image.png', 0, 0, 0, 5, '2025-11-12 16:26:26'),
(4095, 0, 0, 'Tourne a vis pro isole 1X125 ACEM', 'ART19247775', 'no_image.png', 0, 0, 0, 5, '2025-11-12 16:26:26'),
(4096, 0, 0, 'Tourne a vis pro isole 5X125 ACEM', 'ART746E4776', 'no_image.png', 0, 0, 0, 5, '2025-11-12 16:26:26'),
(4097, 0, 0, 'Tourne a vis testeur électrique 12-250v ACEM', 'ART7569E777', 'no_image.png', 0, 0, 0, 5, '2025-11-12 16:26:26'),
(4098, 0, 0, 'Cahsse eau EJIM', 'ART4616D778', 'no_image.png', 0, 0, 0, 5, '2025-11-12 16:26:26'),
(4099, 0, 0, 'Cadenas ACEM 50mm', 'ART45145779', 'no_image.png', 0, 0, 0, 5, '2025-11-12 16:26:26'),
(4100, 0, 0, 'Pompe retouche', 'ART96014780', 'no_image.png', 0, 0, 0, 5, '2025-11-12 16:26:26'),
(4101, 0, 0, 'CLIMATISEUR 12000', 'ART72696781', 'no_image.png', 0, 0, 0, 5, '2025-11-12 16:26:26'),
(4102, 0, 0, 'Ampoule Led 15w B22 مسمار', 'ART404B3782', 'no_image.png', 0, 0, 0, 5, '2025-11-12 16:26:26'),
(4103, 0, 0, 'Serrure Encastre', 'ART466BC783', 'no_image.png', 0, 0, 0, 5, '2025-11-12 16:26:26'),
(4104, 0, 0, 'Escabeau', 'ART08194784', 'no_image.png', 0, 0, 0, 5, '2025-11-12 16:26:26'),
(4105, 0, 0, 'Kit tuyau arrosage 4 pièces', 'ART687B1785', 'no_image.png', 0, 0, 0, 5, '2025-11-12 16:26:26'),
(4106, 0, 0, ' Tube Néon 1m', 'ART469B9786', 'no_image.png', 0, 0, 0, 5, '2025-11-12 16:26:26'),
(4107, 0, 0, 'Imprimante laser monochrome PANTUM', 'ART7638B787', 'no_image.png', 0, 0, 0, 5, '2025-11-12 16:26:26'),
(4108, 0, 0, 'cable téléphonique bobine de 100 m', 'ART4028E788', 'no_image.png', 0, 0, 0, 5, '2025-11-12 16:26:26'),
(4109, 0, 0, 'BANDE GAZ 10 CM', 'ART00425789', 'no_image.png', 0, 0, 0, 5, '2025-11-12 16:26:26'),
(4110, 0, 0, 'COMPRESSE STIRILE', 'ART82510790', 'no_image.png', 0, 0, 0, 5, '2025-11-12 16:26:26'),
(4111, 0, 0, 'COTON 100 G', 'ART519E0791', 'no_image.png', 0, 0, 0, 5, '2025-11-12 16:26:26'),
(4112, 0, 0, 'BANDE LUXE DE 10', 'ART16532792', 'no_image.png', 0, 0, 0, 5, '2025-11-12 16:26:26'),
(4113, 0, 0, 'BETADINE 25 ML', 'ART0995C793', 'no_image.png', 0, 0, 0, 5, '2025-11-12 16:26:26'),
(4114, 0, 0, 'PEROX 10 VFL - 120 ML - EAU OXYGENE', 'ART87234794', 'no_image.png', 0, 0, 0, 5, '2025-11-12 16:26:26'),
(4115, 0, 0, 'FOSINE AQUEUSE A 2% 60CC - دواء أحمر', 'ART398F0795', 'no_image.png', 0, 0, 0, 5, '2025-11-12 16:26:26'),
(4116, 0, 0, 'BOITE PHARMACIE', 'ART30815796', 'no_image.png', 0, 0, 0, 5, '2025-11-12 16:26:26'),
(4117, 0, 0, 'CABLE VGA 5 m', 'ART46698797', 'no_image.png', 0, 0, 0, 5, '2025-11-12 16:26:26'),
(4118, 0, 0, 'CARTOUCHE HP M15W	', 'ART211BB798', 'no_image.png', 0, 0, 0, 5, '2025-11-12 16:26:26'),
(4119, 0, 0, ' Unité de sonorisation professionnel \" ITALIAN STAGE\"', 'ART309E1799', 'no_image.png', 0, 0, 0, 5, '2025-11-12 16:26:26'),
(4120, 0, 0, 'PERCHE INITIATION عصا القفز بالزانة', 'ART97334800', 'no_image.png', 0, 0, 0, 5, '2025-11-12 16:26:26'),
(4121, 0, 0, 'DISQUE ENTRAINEMENT 0.6KG رمي الصحن', 'ART4915F801', 'no_image.png', 0, 0, 0, 5, '2025-11-12 16:26:26'),
(4122, 0, 0, 'DISQUE ENTRAINEMENT 1KG رمي الصحن', 'ART58543802', 'no_image.png', 0, 0, 0, 5, '2025-11-12 16:26:26'),
(4123, 0, 0, 'DISQUE ENTRAINEMENT 1.5KG رمي الصحن', 'ART96731803', 'no_image.png', 0, 0, 0, 5, '2025-11-12 16:26:26'),
(4124, 0, 0, 'MARTEAU ENTRAINEMENT 7.260KG رمي المطرقة', 'ART0202B804', 'no_image.png', 0, 0, 0, 5, '2025-11-12 16:26:26'),
(4125, 0, 0, 'DISQUE ENTRIANEMENT 2KG رمي الصحن', 'ART15448805', 'no_image.png', 0, 0, 0, 5, '2025-11-12 16:26:26'),
(4126, 0, 0, 'MARTEAU ENTRAINEMENT 3KG رمي المطرقة', 'ART960E5806', 'no_image.png', 0, 0, 0, 5, '2025-11-12 16:26:26'),
(4127, 0, 0, 'MARTEAU ENTRAINEMENT 4KG رمي المطرقة', 'ART654A0807', 'no_image.png', 0, 0, 0, 5, '2025-11-12 16:26:26'),
(4128, 0, 0, 'MARTEAU ENTRAINEMENT 6KG رمي المطرقة', 'ART54374808', 'no_image.png', 0, 0, 0, 5, '2025-11-12 16:26:26'),
(4129, 0, 0, 'DISQUE ENTRAINEMENT 1.75KG رمي الصحن', 'ART96163809', 'no_image.png', 0, 0, 0, 5, '2025-11-12 16:26:26'),
(4130, 0, 0, 'STARTING BLOC ', 'ART82895810', 'no_image.png', 0, 0, 0, 5, '2025-11-12 16:26:26'),
(4131, 0, 0, 'support microphone de table - rode', 'ART266BE811', 'no_image.png', 0, 0, 0, 5, '2025-11-12 16:26:26'),
(4132, 0, 0, 'dictaphone - HN4NPRO', 'ART360FA812', 'no_image.png', 0, 0, 0, 5, '2025-11-12 16:26:26'),
(4133, 0, 0, 'MICROPHONE SIMPLE - SHURE', 'ART606A7813', 'no_image.png', 0, 0, 0, 5, '2025-11-12 16:26:26'),
(4134, 0, 0, 'ECOUTE RADIO - ENCEINTE DE STUDIO M-AUDIO', 'ART79756814', 'no_image.png', 0, 0, 0, 5, '2025-11-12 16:26:26'),
(4135, 0, 0, 'CASQUE AUDIO - BEYERDYNAMIC', 'ART859B8815', 'no_image.png', 0, 0, 0, 5, '2025-11-12 16:26:26'),
(4136, 0, 0, 'AMPLI CASQUE - BEHRINGHER', 'ART80999816', 'no_image.png', 0, 0, 0, 5, '2025-11-12 16:26:26'),
(4137, 0, 0, 'CARTE SON - EXTERNE FOCUSRITE', 'ART375D3817', 'no_image.png', 0, 0, 0, 5, '2025-11-12 16:26:26'),
(4138, 0, 0, 'CONSOLE DE MIXAGE - 16 CANAUX SOUNDCRAFT', 'ART19854818', 'no_image.png', 0, 0, 0, 5, '2025-11-12 16:26:26'),
(4139, 0, 0, 'PREAMPLI MICRO DE QUALITE STUDI POUR SMARTPHONE IK MULTIMEDIA', 'ART3922A819', 'no_image.png', 0, 0, 0, 5, '2025-11-12 16:26:26'),
(4140, 0, 0, 'BONNETTE ANTI-SOUFLE', 'ART199DA820', 'no_image.png', 0, 0, 0, 5, '2025-11-12 16:26:26'),
(4141, 0, 0, 'CABLE MICRO EN XLR 5M', 'ART321C5821', 'no_image.png', 0, 0, 0, 5, '2025-11-12 16:26:26'),
(4142, 0, 0, 'CABLE XLR MALE /F STEREO 3M', 'ART3554B822', 'no_image.png', 0, 0, 0, 5, '2025-11-12 16:26:26'),
(4143, 0, 0, 'CABLE JACK FEMELLE/JACK STEREO 5M', 'ART78928823', 'no_image.png', 0, 0, 0, 5, '2025-11-12 16:26:26'),
(4144, 0, 0, 'CABLE XLR MALE/F STEREO 2M', 'ART742E9824', 'no_image.png', 0, 0, 0, 5, '2025-11-12 16:26:26'),
(4145, 0, 0, 'CABLE JACK/JACK STEREO 3.5M', 'ART63215825', 'no_image.png', 0, 0, 0, 5, '2025-11-12 16:26:26'),
(4146, 0, 0, 'DICTAPHONE - H4NPRO+CABLE', 'ART842AD826', 'no_image.png', 0, 0, 0, 5, '2025-11-12 16:26:26'),
(4147, 0, 0, 'CAMERA- SPORT + BOITIER DE PROTECTION+CARTEMEMOIRE + CHARGEUR BATTERIE', 'ART43624827', 'no_image.png', 0, 0, 0, 5, '2025-11-12 16:26:26'),
(4148, 0, 0, 'OBJECTIF CAMERA - CANON OBJECTIF24-70MM+OBJECTIF70-200MM', 'ART893AD828', 'no_image.png', 0, 0, 0, 5, '2025-11-12 16:26:26'),
(4149, 0, 0, 'CAMERA DSLR - 5D MARK IV +CARTE  MEMOIRE+SUPPORT UDMA+BATTERIE', 'ART363F4829', 'no_image.png', 0, 0, 0, 5, '2025-11-12 16:26:26'),
(4150, 0, 0, 'TABLE DE MIXAGE - AUDIO-VIDEO ROLAND VR-3EX', 'ART518BF830', 'no_image.png', 0, 0, 0, 5, '2025-11-12 16:26:26'),
(4151, 0, 0, 'BARRE DE TRAVELLING SLIDER 100CM - KONOVA KS-100', 'ART328DF831', 'no_image.png', 0, 0, 0, 5, '2025-11-12 16:26:26'),
(4152, 0, 0, ' PANORAMIQUEGRUE LEGERE CARBONNE - IFOOTAGE+TETE ', 'ART5381F832', 'no_image.png', 0, 0, 0, 5, '2025-11-12 16:26:26'),
(4153, 0, 0, 'SUPPORT DE FOND DE STUDIO PHOTO + FONDS VERT CHROMAKEY', 'ART716FE833', 'no_image.png', 0, 0, 0, 5, '2025-11-12 16:26:26'),
(4154, 0, 0, 'BOOM MICROPHONE - SONY', 'ART98398834', 'no_image.png', 0, 0, 0, 5, '2025-11-12 16:26:26'),
(4155, 0, 0, 'MONITEUR VIDEO - NUMERIQUE', 'ART5691C835', 'no_image.png', 0, 0, 0, 5, '2025-11-12 16:26:26'),
(4156, 0, 0, 'TREPIED - KIT MANFROTTO', 'ART0993E836', 'no_image.png', 0, 0, 0, 5, '2025-11-12 16:26:26'),
(4157, 0, 0, 'MONOPODE - MANFROTTO', 'ART44531837', 'no_image.png', 0, 0, 0, 5, '2025-11-12 16:26:26'),
(4158, 0, 0, 'ENSEMBLE MICRO-CARAVATE - SHENNHEIZER', 'ART0283E838', 'no_image.png', 0, 0, 0, 5, '2025-11-12 16:26:26'),
(4159, 0, 0, 'EPAULIERE DSLR -KIT', 'ART618A4839', 'no_image.png', 0, 0, 0, 5, '2025-11-12 16:26:26'),
(4160, 0, 0, 'TORCHE 8 LED POUR CAMESCOPE', 'ART4657A840', 'no_image.png', 0, 0, 0, 5, '2025-11-12 16:26:26'),
(4161, 0, 0, 'LED VIDEO LIGHT KIT + PIED LUMIERE', 'ART18376841', 'no_image.png', 0, 0, 0, 5, '2025-11-12 16:26:26'),
(4162, 0, 0, 'STABILISATEUR DE COURANT - PROFESSIONNEL', 'ART981E2842', 'no_image.png', 0, 0, 0, 5, '2025-11-12 16:26:26'),
(4163, 0, 0, 'porte badge en plastique', 'ART1637E843', 'no_image.png', 0, 0, 0, 5, '2025-11-12 16:26:26'),
(4164, 0, 0, 'intercalaire transparente', 'ART83280844', 'no_image.png', 0, 0, 0, 5, '2025-11-12 16:26:26'),
(4165, 0, 0, 'scotch emballage', 'ART13468845', 'no_image.png', 0, 0, 0, 5, '2025-11-12 16:26:26'),
(4166, 0, 0, 'CARTOUCHE PHOTOCOPIEUSE SHARP BP20M31', 'ART2608A846', 'no_image.png', 0, 0, 0, 5, '2025-11-12 16:26:26'),
(4167, 0, 0, 'Capteur Bluetooth', 'ART7867B847', 'no_image.png', 0, 0, 0, 5, '2025-11-12 16:26:26'),
(4168, 0, 0, 'Switch Ethernet 8 port', 'ART043CA848', 'no_image.png', 0, 0, 0, 5, '2025-11-12 16:26:26'),
(4169, 0, 0, 'disque dure externe 250 Go', 'ART20580849', 'no_image.png', 0, 0, 0, 5, '2025-11-12 16:26:26'),
(4170, 0, 0, 'Porte CD', 'ART25625850', 'no_image.png', 0, 0, 0, 5, '2025-11-12 16:26:26'),
(4171, 0, 0, 'scanner Genius ', 'ART89439851', 'no_image.png', 0, 0, 0, 5, '2025-11-12 16:26:26'),
(4172, 0, 0, 'clavier sans fil', 'ART820AE852', 'no_image.png', 0, 0, 0, 5, '2025-11-12 16:26:26'),
(4173, 0, 0, 'souris sans fil', 'ART866BA853', 'no_image.png', 0, 0, 0, 5, '2025-11-12 16:26:26'),
(4174, 0, 0, 'IMPRIMANTE BROTHER DCP J132W', 'ART6979A854', 'no_image.png', 0, 0, 0, 5, '2025-11-12 16:26:26'),
(4175, 0, 0, 'Bureau avec comptoir', 'ART927D2855', 'no_image.png', 0, 0, 0, 5, '2025-11-12 16:26:26'),
(4176, 0, 0, 'armoire double porte', 'ART0214F856', 'no_image.png', 0, 0, 0, 5, '2025-11-12 16:26:26'),
(4177, 0, 0, 'tableau affichage', 'ART41913857', 'no_image.png', 0, 0, 0, 5, '2025-11-12 16:26:26'),
(4178, 0, 0, 'onduleur', 'ART78675858', 'no_image.png', 0, 0, 0, 5, '2025-11-12 16:26:26'),
(4179, 0, 0, 'RALONGE MILTIPRISE 25M', 'ART72411859', 'no_image.png', 0, 0, 0, 5, '2025-11-12 16:26:26'),
(4180, 0, 0, 'طوبع إدارية Tampon', 'ART875F3860', 'no_image.png', 0, 0, 0, 5, '2025-11-12 16:26:26'),
(4181, 0, 0, 'dateur en Français', 'ART97390861', 'no_image.png', 0, 0, 0, 5, '2025-11-12 16:26:26'),
(4182, 0, 0, 'طابع إداري أوتوماتيكي', 'ART175F6862', 'no_image.png', 0, 0, 0, 5, '2025-11-12 16:26:26'),
(4183, 0, 0, 'réglette tube néant étanche double 120 cm', 'ART63320863', 'no_image.png', 0, 0, 0, 5, '2025-11-12 16:26:26'),
(4184, 0, 0, 'téléphone portable', 'ART018BD864', 'no_image.png', 0, 0, 0, 5, '2025-11-12 16:26:26'),
(4185, 0, 0, 'appareil photo numérique', 'ART00452865', 'no_image.png', 0, 0, 0, 5, '2025-11-12 16:26:26'),
(4186, 0, 0, 'camera vidéos', 'ART07064866', 'no_image.png', 0, 0, 0, 5, '2025-11-12 16:26:26'),
(4187, 0, 0, 'Imprimante HP laser cp1025', 'ART568FC867', 'no_image.png', 0, 0, 0, 5, '2025-11-12 16:26:26'),
(4188, 0, 0, 'منديل ورق للسيارة', 'ART577C4868', 'no_image.png', 0, 0, 0, 5, '2025-11-12 16:26:26'),
(4189, 0, 0, 'sac de sport', 'ART567DE869', 'no_image.png', 0, 0, 0, 5, '2025-11-12 16:26:26'),
(4190, 0, 0, 'DISQUE DURE SSD 512 GO', 'ART916B8871', 'no_image.png', 0, 0, 0, 5, '2025-11-12 16:26:26');

-- --------------------------------------------------------

--
-- Structure de la table `beneficiaire`
--

DROP TABLE IF EXISTS `beneficiaire`;
CREATE TABLE IF NOT EXISTS `beneficiaire` (
  `id` int NOT NULL AUTO_INCREMENT,
  `nom` varchar(255) CHARACTER SET utf8mb4 COLLATE utf8mb4_unicode_ci NOT NULL,
  `email` varchar(100) CHARACTER SET utf8mb4 COLLATE utf8mb4_unicode_ci DEFAULT NULL,
  `telephone` varchar(20) CHARACTER SET utf8mb4 COLLATE utf8mb4_unicode_ci DEFAULT NULL,
  PRIMARY KEY (`id`)
) ENGINE=InnoDB AUTO_INCREMENT=3 DEFAULT CHARSET=utf8mb4 COLLATE=utf8mb4_unicode_ci;

--
-- Déchargement des données de la table `beneficiaire`
--

INSERT INTO `beneficiaire` (`id`, `nom`, `email`, `telephone`) VALUES
(1, 'محلات الفرح', 'contact@farah.ma', '0611223344'),
(2, 'جمعية الإغاثة', 'aide@secours.org', '0699887766');

-- --------------------------------------------------------

--
-- Structure de la table `categorie`
--

DROP TABLE IF EXISTS `categorie`;
CREATE TABLE IF NOT EXISTS `categorie` (
  `id` int NOT NULL AUTO_INCREMENT,
  `nom` varchar(255) CHARACTER SET utf8mb4 COLLATE utf8mb4_unicode_ci NOT NULL,
  PRIMARY KEY (`id`)
) ENGINE=InnoDB AUTO_INCREMENT=3 DEFAULT CHARSET=utf8mb4 COLLATE=utf8mb4_unicode_ci;

--
-- Déchargement des données de la table `categorie`
--

INSERT INTO `categorie` (`id`, `nom`) VALUES
(0, 'DIVERS');

-- --------------------------------------------------------

--
-- Structure de la table `doctrine_migration_versions`
--

DROP TABLE IF EXISTS `doctrine_migration_versions`;
CREATE TABLE IF NOT EXISTS `doctrine_migration_versions` (
  `version` varchar(191) CHARACTER SET utf8mb3 COLLATE utf8mb3_unicode_ci NOT NULL,
  `executed_at` datetime DEFAULT NULL,
  `execution_time` int DEFAULT NULL,
  PRIMARY KEY (`version`)
) ENGINE=InnoDB DEFAULT CHARSET=utf8mb3 COLLATE=utf8mb3_unicode_ci;

--
-- Déchargement des données de la table `doctrine_migration_versions`
--

INSERT INTO `doctrine_migration_versions` (`version`, `executed_at`, `execution_time`) VALUES
('DoctrineMigrations\\Version20251029222214', '2025-10-29 22:22:37', 170),
('DoctrineMigrations\\Version20251029222816', '2025-10-29 22:28:27', 16),
('DoctrineMigrations\\Version20251029223540', '2025-10-29 22:35:55', 139),
('DoctrineMigrations\\Version20251109202906', '2025-11-09 20:30:07', 268),
('DoctrineMigrations\\Version20251111090601', '2025-11-11 09:06:07', 76),
('DoctrineMigrations\\Version20251111092256', '2025-11-11 09:23:20', 196),
('DoctrineMigrations\\Version20251111092752', '2025-11-11 09:28:01', 36),
('DoctrineMigrations\\Version20251111092856', '2025-11-11 09:29:02', 181),
('DoctrineMigrations\\Version20251111213305', '2025-11-11 21:33:31', 141),
('DoctrineMigrations\\Version20251112075030', '2025-11-12 07:50:37', 62),
('DoctrineMigrations\\Version20251112102430', '2025-11-12 10:24:54', 91),
('DoctrineMigrations\\Version20251112132000', '2025-11-12 13:20:05', 97);

-- --------------------------------------------------------

--
-- Structure de la table `etablissement`
--

DROP TABLE IF EXISTS `etablissement`;
CREATE TABLE IF NOT EXISTS `etablissement` (
  `id` int NOT NULL AUTO_INCREMENT,
  `nom` varchar(255) COLLATE utf8mb4_unicode_ci NOT NULL,
  `adresse` longtext COLLATE utf8mb4_unicode_ci,
  `telephone` varchar(20) COLLATE utf8mb4_unicode_ci DEFAULT NULL,
  PRIMARY KEY (`id`)
) ENGINE=InnoDB AUTO_INCREMENT=5 DEFAULT CHARSET=utf8mb4 COLLATE=utf8mb4_unicode_ci;

--
-- Déchargement des données de la table `etablissement`
--

INSERT INTO `etablissement` (`id`, `nom`, `adresse`, `telephone`) VALUES
(2, 'دار الشباب جرجيس', 'جرجيس', '75324098'),
(3, 'دار الشباب مدنين', 'مدنين', '75322356'),
(4, 'المندوبية الجهوية للشباب و الرياضة بمدنين', 'مدنين', '75643217');

-- --------------------------------------------------------

--
-- Structure de la table `fournisseur`
--

DROP TABLE IF EXISTS `fournisseur`;
CREATE TABLE IF NOT EXISTS `fournisseur` (
  `id` int NOT NULL AUTO_INCREMENT,
  `nom` varchar(255) CHARACTER SET utf8mb4 COLLATE utf8mb4_unicode_ci NOT NULL,
  `email` varchar(100) CHARACTER SET utf8mb4 COLLATE utf8mb4_unicode_ci DEFAULT NULL,
  `telephone` varchar(20) CHARACTER SET utf8mb4 COLLATE utf8mb4_unicode_ci DEFAULT NULL,
  PRIMARY KEY (`id`)
) ENGINE=InnoDB AUTO_INCREMENT=4 DEFAULT CHARSET=utf8mb4 COLLATE=utf8mb4_unicode_ci;

--
-- Déchargement des données de la table `fournisseur`
--

INSERT INTO `fournisseur` (`id`, `nom`, `email`, `telephone`) VALUES
(0, 'STOCK INIT', NULL, NULL);

-- --------------------------------------------------------

--
-- Structure de la table `materiel`
--

DROP TABLE IF EXISTS `materiel`;
CREATE TABLE IF NOT EXISTS `materiel` (
  `id` int NOT NULL AUTO_INCREMENT,
  `etablissement_id` int NOT NULL,
  `sous_admin_id` int DEFAULT NULL,
  `nom` varchar(255) COLLATE utf8mb4_unicode_ci NOT NULL,
  `reference` varchar(20) COLLATE utf8mb4_unicode_ci NOT NULL,
  `date_acquisition` date NOT NULL,
  `etat` varchar(50) COLLATE utf8mb4_unicode_ci NOT NULL,
  `description` varchar(255) COLLATE utf8mb4_unicode_ci NOT NULL,
  `nbr` double DEFAULT NULL,
  `emplacement` varchar(255) COLLATE utf8mb4_unicode_ci DEFAULT NULL,
  PRIMARY KEY (`id`),
  KEY `IDX_18D2B091FF631228` (`etablissement_id`),
  KEY `IDX_18D2B0916C65B645` (`sous_admin_id`)
) ENGINE=InnoDB AUTO_INCREMENT=21 DEFAULT CHARSET=utf8mb4 COLLATE=utf8mb4_unicode_ci;

--
-- Déchargement des données de la table `materiel`
--

INSERT INTO `materiel` (`id`, `etablissement_id`, `sous_admin_id`, `nom`, `reference`, `date_acquisition`, `etat`, `description`, `nbr`, `emplacement`) VALUES
(5, 4, NULL, 'PC BUREAU DELL OPTIPLEX 7050 I5 + ECRANDELL', 'MAT-20251112-179', '2025-11-12', 'bon', 'PC BUREAU DELL OPTIPLEX 7050 I5 + ECRANDELL', 1, 'BUREAU 24'),
(6, 4, NULL, 'IMPRIMANTE HP SMART TANK 581', 'MAT-20251112-599', '2025-11-12', 'neuf', 'IMPRIMANTE HP SMART TANK 581', 1, 'BUREAU 24'),
(7, 4, NULL, 'DELL VOSTRO I5 + ECRAN VERSUS', 'MAT-20251112-597', '2025-11-12', 'bon', 'DELL VOSTRO I5 + ECRAN VERSUS', 1, 'BUREAU 28'),
(8, 4, NULL, 'HP PUNTIUM INSIDER I5 + ECRAN HP', 'MAT-20251112-087', '2025-11-12', 'bon', 'HP PUNTIUM INSIDER I5 + ECRAN HP', 1, 'BUREAU 28'),
(9, 4, NULL, 'DELL OPTIPLEX 7050 + ECRAN DELL', 'MAT-20251112-074', '2025-11-12', 'bon', 'DELL OPTIPLEX 7050 + ECRAN DELL', 1, 'BUREAU 28'),
(10, 4, NULL, 'IMPRIMANTE HP SMART TANK 581', 'MAT-20251112-713', '2025-11-12', 'neuf', 'IMPRIMANTE HP SMART TANK 581', 1, 'BUREAU 28'),
(11, 4, NULL, 'PHOTOCOPIEUSE SHARP AR 6031 NV', 'MAT-20251112-492', '2025-11-12', 'bon', 'PHOTOCOPIEUSE SHARP AR 6031 NV', 1, 'BUREAU 28'),
(12, 4, NULL, 'DELL OPTIPLEX 7010 + ECRAN MICROLUX FAT', 'MAT-20251112-132', '2025-11-12', 'bon', 'DELL OPTIPLEX 7010 + ECRAN MICROLUX FAT', 1, 'BUREAU 25'),
(13, 4, NULL, 'IMPRIMANTE HP SMART TANK 581', 'MAT-20251112-091', '2025-11-12', 'neuf', 'IMPRIMANTE HP SMART TANK 581', 1, 'BUREAU 25'),
(15, 2, NULL, 'DELL', 'MAT-20251112-158', '2025-11-12', 'neuf', 'sdsdsd', 1, 'DER'),
(17, 4, NULL, 'PC ALL IN ONE I7', 'MAT-20251113-058', '2025-11-13', 'neuf', 'ALL IN ONE I7', 1, 'BUREAU 27'),
(18, 4, NULL, 'IMPRIMANTE LEXMARK T650', 'MAT-20251113-438', '2025-11-13', 'bon', 'IMPRIMANTE', 1, 'BUREAU 27'),
(19, 4, NULL, 'ALLI IN ONE I7', 'MAT-20251113-516', '2025-11-13', 'neuf', 'ALL IN ONE I7', 1, 'BUREAU 26'),
(20, 4, NULL, 'IMPRIMANTE EPSON L1300', 'MAT-20251113-772', '2025-11-13', 'neuf', 'EPSON L1300', 1, 'BUREAU 26');

-- --------------------------------------------------------

--
-- Structure de la table `messenger_messages`
--

DROP TABLE IF EXISTS `messenger_messages`;
CREATE TABLE IF NOT EXISTS `messenger_messages` (
  `id` bigint NOT NULL AUTO_INCREMENT,
  `body` longtext CHARACTER SET utf8mb4 COLLATE utf8mb4_unicode_ci NOT NULL,
  `headers` longtext CHARACTER SET utf8mb4 COLLATE utf8mb4_unicode_ci NOT NULL,
  `queue_name` varchar(190) CHARACTER SET utf8mb4 COLLATE utf8mb4_unicode_ci NOT NULL,
  `created_at` datetime NOT NULL COMMENT '(DC2Type:datetime_immutable)',
  `available_at` datetime NOT NULL COMMENT '(DC2Type:datetime_immutable)',
  `delivered_at` datetime DEFAULT NULL COMMENT '(DC2Type:datetime_immutable)',
  PRIMARY KEY (`id`),
  KEY `IDX_75EA56E0FB7336F0` (`queue_name`),
  KEY `IDX_75EA56E0E3BD61CE` (`available_at`),
  KEY `IDX_75EA56E016BA31DB` (`delivered_at`)
) ENGINE=InnoDB DEFAULT CHARSET=utf8mb4 COLLATE=utf8mb4_unicode_ci;

-- --------------------------------------------------------

--
-- Structure de la table `mouvement_stock`
--

DROP TABLE IF EXISTS `mouvement_stock`;
CREATE TABLE IF NOT EXISTS `mouvement_stock` (
  `id` int NOT NULL AUTO_INCREMENT,
  `article_id` int NOT NULL,
  `fournisseur_id` int DEFAULT NULL,
  `beneficiaire_id` int DEFAULT NULL,
  `type` varchar(20) CHARACTER SET utf8mb4 COLLATE utf8mb4_unicode_ci NOT NULL,
  `quantite` int NOT NULL,
  `date_mouvement` datetime NOT NULL,
  PRIMARY KEY (`id`),
  KEY `IDX_61E2C8EB7294869C` (`article_id`),
  KEY `IDX_61E2C8EB670C757F` (`fournisseur_id`),
  KEY `IDX_61E2C8EB5AF81F68` (`beneficiaire_id`)
) ENGINE=InnoDB AUTO_INCREMENT=14 DEFAULT CHARSET=utf8mb4 COLLATE=utf8mb4_unicode_ci;

--
-- Déchargement des données de la table `mouvement_stock`
--

INSERT INTO `mouvement_stock` (`id`, `article_id`, `fournisseur_id`, `beneficiaire_id`, `type`, `quantite`, `date_mouvement`) VALUES
(11, 3729, 0, NULL, 'entree', 23, '2025-11-12 12:00:00');

-- --------------------------------------------------------

--
-- Structure de la table `reset_password_request`
--

DROP TABLE IF EXISTS `reset_password_request`;
CREATE TABLE IF NOT EXISTS `reset_password_request` (
  `id` int NOT NULL AUTO_INCREMENT,
  `user_id` int NOT NULL,
  `selector` varchar(20) COLLATE utf8mb4_unicode_ci NOT NULL,
  `hashed_token` varchar(100) COLLATE utf8mb4_unicode_ci NOT NULL,
  `requested_at` datetime NOT NULL COMMENT '(DC2Type:datetime_immutable)',
  `expires_at` datetime NOT NULL COMMENT '(DC2Type:datetime_immutable)',
  PRIMARY KEY (`id`),
  KEY `IDX_7CE748AA76ED395` (`user_id`)
) ENGINE=InnoDB DEFAULT CHARSET=utf8mb4 COLLATE=utf8mb4_unicode_ci;

-- --------------------------------------------------------

--
-- Structure de la table `temp_article`
--

DROP TABLE IF EXISTS `temp_article`;
CREATE TABLE IF NOT EXISTS `temp_article` (
  `id` int NOT NULL,
  `article` varchar(255) CHARACTER SET utf8mb4 COLLATE utf8mb4_unicode_ci DEFAULT NULL,
  `photo` varchar(255) CHARACTER SET utf8mb4 COLLATE utf8mb4_unicode_ci DEFAULT NULL,
  `unite` int DEFAULT NULL,
  PRIMARY KEY (`id`)
) ENGINE=MyISAM DEFAULT CHARSET=utf8mb4 COLLATE=utf8mb4_unicode_ci;

--
-- Déchargement des données de la table `temp_article`
--

INSERT INTO `temp_article` (`id`, `article`, `photo`, `unite`) VALUES
(5, 'كرة رقبي', 'no_image.png', 1),
(6, 'ballon de basket balle', 'no_image.png', 1),
(7, 'كرة طبية 1.5', 'no_image.png', 1),
(8, 'كرة يد T2', 'no_image.png', 1),
(9, 'مضرب كرة تنس', 'no_image.png', 1),
(10, 'شباك كرة طاولة', 'no_image.png', 1),
(11, 'شباك كرة سلة', 'no_image.png', 1),
(12, 'شباك كرة طائرة', 'no_image.png', 1),
(13, 'كرة طاولة', 'no_image.png', 1),
(15, 'SAC ملاكمة للتمارين', 'no_image.png', 1),
(16, 'CHRONOMETRE', 'no_image.png', 1),
(17, 'TRICOT + SHORT', 'no_image.png', 1),
(19, 'كرة حديدية poids 5كغ', 'no_image.png', 1),
(20, 'كرة حديدية قديمة 5 كغ + 4 كغ', 'no_image.png', 1),
(21, 'كرة حديدية جديدة  1 كغ 6 ق', 'no_image.png', 1),
(22, 'CERCEAU', 'no_image.png', 1),
(23, 'RAQUETTE DE PING-PONG', 'no_image.png', 1),
(24, 'TRICOT + SHORT BOXE', 'no_image.png', 1),
(26, 'حذاء رياضي', 'no_image.png', 1),
(27, 'حذاء كرة قدم', 'no_image.png', 1),
(28, 'RADIO FM', 'no_image.png', 1),
(29, 'FICH JACK- JACK', 'no_image.png', 1),
(30, 'MICRO SM-70A', 'no_image.png', 1),
(31, 'MICRO SM-90A', 'no_image.png', 1),
(32, 'MICRO SONY DM918', 'no_image.png', 1),
(33, 'MICRO GS-67.56', 'no_image.png', 1),
(34, 'MICRO DEMONIQUE .MEG', 'no_image.png', 1),
(35, 'MICRO DYNAMIQUE STAGE', 'no_image.png', 1),
(36, 'MICRO A TABLE', 'no_image.png', 1),
(37, 'MICRO CRAVATE', 'no_image.png', 1),
(38, 'MICRO BALADER', 'no_image.png', 1),
(39, 'BAFFLE MM', 'no_image.png', 1),
(40, 'LECTEUR DVD', 'no_image.png', 1),
(41, 'دربوكة', 'no_image.png', 1),
(42, 'PAQUET PINCEAU PLAT', 'no_image.png', 1),
(43, 'CRAQUELAGE CROCODILE', 'no_image.png', 1),
(44, 'COULEUR METALIQUE', 'no_image.png', 1),
(45, 'BONDE DOR', 'no_image.png', 1),
(46, 'ألوان مائية بــو  12', 'no_image.png', 1),
(47, 'STYLO FEUTRE A/2', 'no_image.png', 1),
(48, 'PAQUET PINCEAU #TAILLE', 'no_image.png', 1),
(49, 'أوراق ملونة', 'no_image.png', 1),
(50, 'حبر صيني', 'no_image.png', 1),
(51, 'CUTEUX', 'no_image.png', 1),
(52, 'CERNE', 'no_image.png', 1),
(53, 'COULEUR VITRAIL', 'no_image.png', 1),
(54, 'COLLE STAR', 'no_image.png', 1),
(55, 'CARQUELAGE', 'no_image.png', 1),
(56, 'PAPIER CERRETTE', 'no_image.png', 1),
(57, 'CONTRE PLAQUET', 'no_image.png', 1),
(58, 'CARTOUCHE LAZER PM-17', 'no_image.png', 1),
(59, 'CARTOUCHE ML 1665 SAMSUNG', 'no_image.png', 1),
(60, 'CARTOUCHE LJ1100 EP 22', 'no_image.png', 1),
(61, 'CARTOUCHE EPL 6200 EPD', 'no_image.png', 1),
(62, 'TONEUR MMC HP LASER P1005', 'no_image.png', 1),
(63, 'TONEUR EPL 6200 EPSON', 'no_image.png', 1),
(64, 'TONEUR EPSON EPL N 3000', 'no_image.png', 1),
(65, 'CARTOUCHE CANON 1900 COULEUR', 'no_image.png', 1),
(66, 'CARTOUCHE CANON 703 LBP 2900', 'no_image.png', 1),
(67, 'CARTOUCHE CANON 2700 N', 'no_image.png', 1),
(68, 'CARTOUCHE CANON IP4600', 'no_image.png', 1),
(69, 'CARTOUCHE SAMSUNG 1660', 'no_image.png', 1),
(70, 'CARTOUCHE IP 4600 NO 52', 'no_image.png', 1),
(71, 'CARTOUCHE B.L.C.123.C', 'no_image.png', 1),
(72, 'CARTOUCHE  C 123XLBK', 'no_image.png', 1),
(73, 'CARTOUCHE B.L123M', 'no_image.png', 1),
(74, 'DISQUE DURE EXTERNE', 'no_image.png', 1),
(75, 'GRAVEUR EXTERNE', 'no_image.png', 1),
(76, 'LECTEUR CARTE', 'no_image.png', 1),
(77, 'LECTEUR DVD EXTREME 3', 'no_image.png', 1),
(78, 'SOURIS USB', '21210souris-standard.jpg', 1),
(79, 'CARTOUCHE LEXMARK t650', 'no_image.png', 1),
(81, 'CABLE JACK-JACK', 'no_image.png', 1),
(82, 'CRAYON CD', 'no_image.png', 1),
(83, 'IMPRIMANTE CANON LBP 7018', 'no_image.png', 1),
(84, 'TABLE DE PROJECTION', 'no_image.png', 1),
(85, 'TRI-PIED POUR CAMERA', 'no_image.png', 1),
(86, 'DISQUE DURE INTERNE', 'no_image.png', 1),
(87, 'CARTE MÉMOIRE 2 GO', 'no_image.png', 1),
(88, 'FLASH DISQUE 8 GO', 'no_image.png', 1),
(89, 'CARTE MEMOIRE 4 GO', 'no_image.png', 1),
(90, 'CASQUE', 'no_image.png', 1),
(91, 'STYLO  MAGIQUE', 'no_image.png', 1),
(92, 'CD VIERGE', 'no_image.png', 1),
(93, 'ORDINATEUR مركزي', 'no_image.png', 1),
(94, 'ECRAN PC SAMSUNG', 'no_image.png', 1),
(95, 'قريزيل', 'no_image.png', 1),
(96, 'جفال 5ل 12 درجة', 'no_image.png', 1),
(97, 'صابون سائل', 'no_image.png', 1),
(98, 'شوك', 'no_image.png', 1),
(99, 'دينول لغسل الارضية 5ل', 'no_image.png', 1),
(100, 'مكنسة', 'no_image.png', 1),
(101, 'باكو مناديل ورق wc  بو 4 قطع', 'no_image.png', 1),
(102, 'منديل مرحاض ', 'no_image.png', 1),
(103, 'صابون مرحي ( أومو) 450 غ', 'no_image.png', 1),
(104, 'فليتوكس', 'no_image.png', 1),
(106, 'خيشة', 'no_image.png', 1),
(107, 'ركلات', 'no_image.png', 1),
(108, 'يد مكنسة', 'no_image.png', 1),
(109, 'معطر جو', 'no_image.png', 1),
(110, 'حكاكة', 'no_image.png', 1),
(111, 'حجر مزيل الرائحة', 'no_image.png', 1),
(112, 'AJAX', 'no_image.png', 1),
(113, 'حاوية فضلات مكتب بالغطاء', 'no_image.png', 1),
(114, 'شامزين', 'no_image.png', 1),
(115, 'PARASOLLE', 'no_image.png', 1),
(116, 'TAPIS DE GYMNASTIQUE', 'no_image.png', 1),
(117, 'عجل سيارة', 'no_image.png', 1),
(118, 'REFREGATEUR \"MINI', 'no_image.png', 1),
(119, 'MECANISME DE SACHE', 'no_image.png', 1),
(120, 'FLEXIBLE TOILETTE', 'no_image.png', 1),
(121, 'PAQUET CHEVI 6', 'no_image.png', 1),
(122, 'LAMPE éCONOMIQUE', 'no_image.png', 1),
(123, 'ROBINET DE JARDIN', 'no_image.png', 1),
(124, 'ROULETTE DE MESURE 2M', 'no_image.png', 1),
(125, 'TUYAU NOIR', 'no_image.png', 1),
(126, 'TUYAU JAUNE DE JARDIN', 'no_image.png', 1),
(127, 'PEINTURE LAQUET 1KG', 'no_image.png', 1),
(128, 'كرة HB-2.T-ENT', 'no_image.png', 1),
(129, 'BALLON PING-PONG POUR COMPÉTITION', 'no_image.png', 1),
(130, 'BALLON PING-PONG POUR ENTRAÎNEMENT', 'no_image.png', 1),
(131, 'كرة مثقلة 5كغ', 'no_image.png', 1),
(132, 'علبة كرة حديدية ذو 3 وزن 1كغ', 'no_image.png', 1),
(133, 'شباك كرة قدم', 'no_image.png', 1),
(134, 'شباك كرة يد (9)', 'no_image.png', 1),
(135, 'شباك كرة طاولة', 'no_image.png', 1),
(137, 'MICRO CAGE FOOT BALL', 'no_image.png', 1),
(138, 'كرة طبية 1كغ', 'no_image.png', 1),
(139, 'كرة طبية 2كغ', 'no_image.png', 1),
(140, 'كرة طبية 3كغ', 'no_image.png', 1),
(141, 'كرة طبية 4كغ', 'no_image.png', 1),
(142, 'كرة طبية 5كغ', 'no_image.png', 1),
(143, 'كرة  HB T2 ENT', 'no_image.png', 1),
(144, 'كرة يد T.3', 'no_image.png', 1),
(145, 'شباك كرة يد (6) ent', 'no_image.png', 1),
(146, 'كرة طائرة T.5 للتمارين', 'no_image.png', 1),
(147, 'كرة سلة T.7 COMP', 'no_image.png', 1),
(148, 'كرة سلة T.7 ENT', 'no_image.png', 1),
(149, 'كرة طائرة ENT', 'no_image.png', 1),
(150, 'كرة طائرة COMP', 'no_image.png', 1),
(151, 'كرة بلاستيكية أمريكية', 'no_image.png', 1),
(152, 'زوجي كرة طائرة N.B', 'no_image.png', 1),
(153, 'زوجي كرة يد (6)', 'no_image.png', 1),
(154, 'RAME PAPIER EXTRA STRONG A4', 'no_image.png', 1),
(155, 'ENVELOPPE 25/35', '415966envelope_PNG18393.png', 1),
(156, 'CHEMISE CRAFT', 'no_image.png', 1),
(157, 'ARRACHE GRAPHE', 'no_image.png', 1),
(158, 'PAPIER CRAFT', 'no_image.png', 1),
(159, 'POUCHETTE DE DESSIN PAQUET    ', 'no_image.png', 1),
(160, 'ENVELOPPE 12/17', 'no_image.png', 1),
(161, 'CHEMISE CARTONNE', 'no_image.png', 1),
(162, 'CARTOUCHE CANON LBP6030  NOIR', 'no_image.png', 1),
(163, 'CARTOUCHE KYOCERA PS 1120', 'no_image.png', 1),
(164, 'CARTOUCHE SAMSUNG 104 MLTD1045', 'no_image.png', 1),
(165, 'CARTOUCHE CANON LBP  3010 B', 'no_image.png', 1),
(166, 'CRAYON CD', 'no_image.png', 1),
(167, 'FLASH DISQUE 4 GO', 'no_image.png', 1),
(168, 'LECTEUR DVD SAMSUNG', 'no_image.png', 1),
(169, 'DATA SHOW', 'no_image.png', 1),
(170, 'SCANNER 101 CANON', 'no_image.png', 1),
(171, 'billiard americain', 'no_image.png', 1),
(172, 'IMPRIMANTE CYOCERA FS.1120 MFP', 'no_image.png', 1),
(174, 'PAQUET STYLO ROUGE', 'no_image.png', 1),
(175, 'PAQUET STYLO VERT', 'no_image.png', 1),
(177, 'CRAYON NOIRE قلم رصاص', 'no_image.png', 1),
(178, 'TROMBONE GM', 'no_image.png', 1),
(179, 'TROMBONE PM', 'no_image.png', 1),
(180, 'CHARGE AGRAFFE 24/6', 'no_image.png', 1),
(182, 'BOITE ENCRE A TAMPON', 'no_image.png', 1),
(183, 'ENCRE A TAMPON', 'no_image.png', 1),
(184, 'PAQUET STYLO FLEURISSANT', 'no_image.png', 1),
(185, 'PAQUET STYLO MARQUER', 'no_image.png', 1),
(186, 'CORRECTEUR BOITE', 'no_image.png', 1),
(187, 'BLOC CUBE', 'no_image.png', 1),
(188, 'PORTE DOCUMENT DE 100', 'no_image.png', 1),
(189, 'POCHE POUR ORDINATEUR', 'no_image.png', 1),
(191, 'TAC 10', 'no_image.png', 1),
(192, 'BLOC NOTE', 'no_image.png', 1),
(193, 'PAQUET PUNESE', 'no_image.png', 1),
(194, 'مبراة', 'no_image.png', 1),
(195, 'CAHIER 300 PAGE', 'no_image.png', 1),
(196, 'STYLO FEUTRE', 'no_image.png', 1),
(197, 'مقص', 'no_image.png', 1),
(198, 'CORRECTEUR STYLO ', 'no_image.png', 1),
(199, 'CHEMISE CRAFT', 'no_image.png', 1),
(200, 'CHEMISE CARTONNE', 'no_image.png', 1),
(201, 'BOITE DARCHIVE GM', 'no_image.png', 1),
(203, 'RAME TRANSPARENT', 'no_image.png', 500),
(204, 'BOITE DARCHIVE PM', 'no_image.png', 1),
(205, 'SOUS MAIN GARNITURE BUREAU', 'no_image.png', 1),
(206, 'CARTOUCHE LBP 6000/6018 NOIR', 'no_image.png', 1),
(207, 'CARTOUCHE BRATHER DCP/132 WA', 'no_image.png', 1),
(208, 'TONNER HP LAZER P 10CP 1025', 'no_image.png', 1),
(209, 'TONNER HP LAZER  P10 CP', 'no_image.png', 1),
(210, 'TONNER HP LAZER P10 CP 1025-E310A', 'no_image.png', 1),
(211, 'CARTOUCHE LASER PM-167', 'no_image.png', 1),
(212, 'CLAVIER', '287664clavier.jpg', 1),
(213, 'سائل تنظيف اواني', 'no_image.png', 1),
(214, 'حاوية فضلات بالغطاء MM', 'no_image.png', 1),
(215, 'SPONTEX', 'no_image.png', 1),
(216, 'منظف لوح', 'no_image.png', 1),
(217, 'منظف جلد', 'no_image.png', 1),
(218, 'POUDRE DEVRANT LIQUIDE', 'no_image.png', 1),
(219, 'Paquet de sachet poubelle PM', 'no_image.png', 20),
(220, 'منظف غبار بالريش', 'no_image.png', 1),
(221, 'PELLE PLASTIQUE', 'no_image.png', 1),
(222, 'BROSSE WC NETWYAGE', 'no_image.png', 1),
(224, 'DÉCOUPANT ANTICALCAIRE WC', 'no_image.png', 1),
(225, 'صابون معطر', 'no_image.png', 1),
(226, 'CHOC POUDRE', 'no_image.png', 1),
(228, 'حاوية فضلات بالغطاء PM', 'no_image.png', 1),
(229, 'سطل بلاستيك', 'no_image.png', 1),
(230, 'ORGUE ORIENTAL 5 OCTAVES TB 820', 'no_image.png', 1),
(231, 'AMPLIFICATEUR POUR GUITARE ELECTRIQUE', 'no_image.png', 1),
(232, 'DARPOUKA METALLIQUE 6 VIS', 'no_image.png', 1),
(233, 'PEAU POUR DARPOUKA', 'no_image.png', 1),
(234, 'DOUF ORIENTAL AVEC HOUSSE', 'no_image.png', 1),
(235, 'PEAU POUR DOUF', 'no_image.png', 1),
(236, 'VIOLON ELECTRIQUE 4/4 STAGG', 'no_image.png', 1),
(237, 'MICROPHONE INSTRUMENT PICK UP', 'no_image.png', 1),
(238, 'JEUX DE CORDE  POUR VIOLON', 'no_image.png', 1),
(239, 'JEUX DE CORDE POUR  GUITARE CLASSIQUE', 'no_image.png', 1),
(240, 'JEUX DE CORDE POUR AOUD', 'no_image.png', 1),
(241, 'APP PHOTO CANON 1300 D - EOS  2000 D', 'no_image.png', 1),
(242, 'MICRO KARAOKè SHURE USB', 'no_image.png', 1),
(243, 'MICRO SERRE-TETE MEG', 'no_image.png', 1),
(244, 'MICRO CAROL G56', 'no_image.png', 1),
(245, 'BAFFLE KA 150', 'no_image.png', 1),
(246, 'MICRO DE TABLE SHURE  SM390', 'no_image.png', 1),
(247, 'CABLE MICRO  XLRF/JM', 'no_image.png', 1),
(248, 'CABLE 1.5 JK/SPK 8M', 'no_image.png', 1),
(249, 'CABLE BAFFLE 1.5JK/SPK-8M', 'no_image.png', 1),
(250, 'CABLE BAFFLE 2X1.5 SPK/L', 'no_image.png', 1),
(251, 'BAFFLE KA 404', 'no_image.png', 1),
(252, 'AMPLIFICATEUR HPA-A2400', 'no_image.png', 1),
(253, 'CABLE XLRM/XLRF-5M', 'no_image.png', 1),
(254, 'CABLE JKM STERIO/ JKM STERIO', 'no_image.png', 1),
(255, 'CABLE CANON M /JK STEREO 5M', 'no_image.png', 1),
(256, 'FICHE JACK MéTALLIQUE 6.5', 'no_image.png', 1),
(257, 'FICHE CANON FEMELLE', 'no_image.png', 1),
(258, 'CARTE  MéMOIRE  16 G', 'no_image.png', 1),
(259, 'RADIO MODèLE LT-802AR', 'no_image.png', 1),
(260, 'DICTAPHONE SONY ICD-PX333', 'no_image.png', 1),
(261, 'PILLE ENERGIZER AAA', 'no_image.png', 1),
(262, 'PILLE ENERGIZER AA', 'no_image.png', 1),
(263, 'PILLE 9V  ULTRA', 'no_image.png', 1),
(264, 'MICRO CRAVATE S.FIL HV-233LS', 'no_image.png', 1),
(265, 'MICRO S FIL DOUBLE SHURE UHF555', 'no_image.png', 1),
(266, 'MICRO S.FIL VDM-670', 'no_image.png', 1),
(267, 'TRéPIDE CAMERA BK-111', 'no_image.png', 1),
(268, 'RECEPTEUR STARSAT- SR -T14 XEXTR', 'no_image.png', 1),
(269, 'MUTIPRISE COURANT 5P', 'no_image.png', 1),
(270, 'RALONGE MILTIPRISE 50M', 'no_image.png', 1),
(271, 'APP PHOTO CANON SX620 COMPLEXE P830', 'no_image.png', 1),
(272, 'CABLE HDMI- 15M', 'no_image.png', 1),
(273, 'SUPPORT DE MICRO AVEC PERCHE ', 'no_image.png', 1),
(274, 'FICHE ADAPTATEUR JACK/RCA', 'no_image.png', 1),
(275, 'CHARGEUR BATTERIE GD-918', 'no_image.png', 1),
(276, 'SUPPORT TV LCD', 'no_image.png', 1),
(277, 'MICRO DE TABLE SHURE SM390', 'no_image.png', 1),
(278, 'كرة قدم', 'no_image.png', 1),
(279, 'كرة حديدية 3ق', 'no_image.png', 1),
(280, 'TABLE DE PING PONG', 'no_image.png', 1),
(281, 'SIFFLET', 'no_image.png', 1),
(282, 'BALLON DE BASKETTE EN CUIRE T7', 'no_image.png', 1),
(283, 'CASQUETTE', 'no_image.png', 1),
(284, 'CERCEAU GM', 'no_image.png', 1),
(285, 'VISEUR PLASTIQUE NOIR', 'no_image.png', 1),
(286, 'FECHE CARBON DIAMETRE 6', 'no_image.png', 1),
(287, 'CORDE POUR ARC ADULTE 68 PUCE', 'no_image.png', 1),
(288, 'REPOSE FLECH ARC GB', 'no_image.png', 1),
(289, 'SOCLE 1M/70M EN METAL ', 'no_image.png', 1),
(290, 'PLOT D /6/66/68', 'no_image.png', 1),
(291, 'ARC ADULTE D/G66/68', 'no_image.png', 1),
(292, 'FLECH  CARBON DIAMETRE 6', 'no_image.png', 1),
(293, 'TAPIS TATAMI PUZELLA', 'no_image.png', 1),
(294, 'COUPE PM', 'no_image.png', 1),
(295, 'COUPE MM', 'no_image.png', 1),
(296, 'COUPE GM', 'no_image.png', 1),
(300, 'RAME NORMAL ', 'no_image.png', 1),
(301, 'RAME PAGE DE GARDE', 'no_image.png', 500),
(302, 'SPIRAL MM', 'no_image.png', 1),
(303, 'SPIRAL GM', 'no_image.png', 1),
(304, 'REGLE PLAT 50 CM', 'no_image.png', 1),
(305, 'REGLE PLAT 30 CM', 'no_image.png', 1),
(306, 'CAHIER 500 PAGE', 'no_image.png', 1),
(308, 'COLLAT  TUBE ', 'no_image.png', 1),
(309, 'STYLO FEUTRE 6 PAQUET', 'no_image.png', 1),
(310, 'BAGUETTE GLISSANTE PM', 'no_image.png', 1),
(311, 'PAPIER CONSONNE ', 'no_image.png', 1),
(312, 'TAILLE CRAYON', 'no_image.png', 12),
(313, 'SCOTCH GRIS  ASSESIF', 'no_image.png', 1),
(314, 'SCOTCH', 'no_image.png', 1),
(315, 'PAPIER CALQUE PAQUET', 'no_image.png', 1),
(316, 'AGRAFFEUSE MM', 'no_image.png', 1),
(317, 'SICEUX MM', 'no_image.png', 1),
(318, 'SICEUX GM', 'no_image.png', 1),
(319, 'PORTE TEMBONS', 'no_image.png', 1),
(320, 'CALCULATRICE MM', 'no_image.png', 1),
(321, 'CARTOUCHE PHOTOCOPIE SHARP AR 5520', 'no_image.png', 1),
(322, 'PAQUET STYLO MAGIQUE', 'no_image.png', 1),
(324, 'PAPIER GRIS GRIS', 'no_image.png', 1),
(325, 'اقلام زينة بو 12', 'no_image.png', 1),
(326, 'اوراق ملونة', 'no_image.png', 1),
(327, 'BAGUETTE GULISSANTE', 'no_image.png', 1),
(328, 'BAGUETTE GLISSANTE GM', 'no_image.png', 1),
(329, 'CLASSEUR # TAILLE', 'no_image.png', 1),
(330, 'BLOC- CUB COLLANTE', 'no_image.png', 1),
(331, 'TROMBONE MM', 'no_image.png', 1),
(332, 'ENVELOPPE 25/17', 'no_image.png', 1),
(333, 'صندوق حبر', 'no_image.png', 1),
(334, 'CARTOUCHE CANON IP 2700 COULEUR', 'no_image.png', 1),
(335, 'IMPRIMANTE SAMSUNG ML 1660', 'no_image.png', 1),
(336, 'IMPRIMANTE BRAT MFC -J400 DW', 'no_image.png', 1),
(337, 'MICRO CASQUE +ECOUTEUR', 'no_image.png', 1),
(338, 'WEBCAM', 'no_image.png', 1),
(339, 'DISQUE EXTERNE 1000 GO', 'no_image.png', 1),
(340, 'CARTE MEMOIRE N 8 GO', 'no_image.png', 1),
(341, 'زوجي مرمى كرة يد 9', 'no_image.png', 1),
(342, 'BAGUETTE SELFIE +BLUETOOTH', 'no_image.png', 1),
(343, 'منجد فرنسي فرنسي', 'no_image.png', 1),
(344, 'قصص المكتبة الوردية', 'no_image.png', 1),
(345, 'قصص مكتبتي البينية ', 'no_image.png', 1),
(346, 'COLLECTION  EMERAUDE', 'no_image.png', 1),
(347, 'MONTRE + COFFRET', 'no_image.png', 1),
(348, 'CASQUE WIFI', 'no_image.png', 1),
(349, 'STYLO+COFFRET', 'no_image.png', 1),
(350, 'FLASH DISQUE 16 GO', 'no_image.png', 1),
(351, 'منجد عربي انقليزي', 'no_image.png', 1),
(352, 'محمل كتاب قرآن من الخشب', 'no_image.png', 1),
(353, 'منجد عربي فرنسي', 'no_image.png', 1),
(354, 'منجد عربي عربي', 'no_image.png', 1),
(355, 'ساعة حائطية رقمية', 'no_image.png', 1),
(356, 'منجد فرنسي عربي', 'no_image.png', 1),
(357, 'كتاب قران صغير', 'no_image.png', 1),
(358, 'لعبة الدما', 'no_image.png', 1),
(359, 'ساعة للرجال', 'no_image.png', 1),
(360, 'ساعة للنساء', 'no_image.png', 1),
(361, 'شطرنج', 'no_image.png', 1),
(362, 'سكرابل', 'no_image.png', 1),
(363, 'كتاب قران  متوسط', 'no_image.png', 1),
(364, 'كتاب قران كبير', 'no_image.png', 1),
(365, 'PLAY STATION 3', 'no_image.png', 1),
(366, 'MONOPOLI', 'no_image.png', 1),
(367, 'CARTE MEMOIRE 32 GO', 'no_image.png', 1),
(368, 'BALLON DE FOOT 1ER CHOIX', 'no_image.png', 1),
(369, 'SURVETEMENT MICRO-FIBRE', 'no_image.png', 1),
(370, 'DOSSARD VERT-JAUNE-ROUGE-BLEU', 'no_image.png', 1),
(371, 'FILET DE PING-PONG', 'no_image.png', 1),
(372, 'PAIRE DE RAQUETTE DE PING-PONG', 'no_image.png', 1),
(373, 'BALLON PING-PONG', 'no_image.png', 1),
(374, 'BALLON DE BASKETBALL TAILLE 5', 'no_image.png', 1),
(379, 'FICHE JACK ADAPTATEUR', 'no_image.png', 1),
(380, 'BAFFLE MMM', 'no_image.png', 1),
(381, 'MICRO EFFARVATTE SANS FILS', 'no_image.png', 1),
(382, 'CABLE SON', 'no_image.png', 1),
(383, 'CABLE MICRO', 'no_image.png', 1),
(384, 'APPAREIL PHOTO NIKON - COMPLEXE P830/6MP', 'no_image.png', 1),
(385, 'CABLE JACK STREAO MAL/XPR', 'no_image.png', 1),
(386, 'CABLE JACK STREO MAL/MAL 5M', 'no_image.png', 1),
(387, 'CABLE XPR STEREO MAL/FEM 5M', 'no_image.png', 1),
(388, 'FICHE JACK MAL', 'no_image.png', 1),
(389, 'FICHE XPR FEM', 'no_image.png', 1),
(390, 'CHARGEUR APPAREIL PHOTO OLYPUS PEN MINI EPM1', 'no_image.png', 1),
(391, 'DICTAPHONE', 'no_image.png', 1),
(392, 'CARTE MEMOIRE MICRO SD', 'no_image.png', 1),
(393, 'CABLE HDMI', 'no_image.png', 1),
(394, 'RECEPTEUR NUMERIQUE HD AVEC WIFI ET IPTV', 'no_image.png', 1),
(395, 'BAFFLE 4 BOMMER', 'no_image.png', 1),
(396, 'RALLONGE BAFFLE', 'no_image.png', 1),
(397, 'EMPLIFICATEUR', 'no_image.png', 1),
(398, 'MICRO FIL BALADEUR SANS FIL', 'no_image.png', 1),
(399, 'MICRO FIL BALADEUR', 'no_image.png', 1),
(400, 'CAMERA PHOTO CANON EOS 1300 D+ Objectif 18-55mm IIIDC', '3632411300D.jpg', 1),
(401, 'MAGIQUE CARAWKE', 'no_image.png', 1),
(402, 'MEDAILLE DOR', 'no_image.png', 1),
(403, 'MEDAILLE DARGENT', 'no_image.png', 1),
(404, 'MEDAILLE DE BRONZE', 'no_image.png', 1),
(405, 'دف احترافي', 'no_image.png', 1),
(406, 'كمنجة 4/4', 'no_image.png', 1),
(407, 'CORD كمنجة', 'no_image.png', 1),
(408, 'CORD GUITTAR CLASSIQUE', 'no_image.png', 1),
(409, 'CORD AUD', 'no_image.png', 1),
(410, 'COFFRET MONTRE', 'no_image.png', 1),
(412, 'قاموس الكافي فرنسي - فرنسي', 'no_image.png', 1),
(413, 'TONNER HP LAZER P10 CP 1025-E311A', 'no_image.png', 1),
(414, 'TONNER HP LAZER P10 CP 1025-E310', 'no_image.png', 1),
(415, 'TONNER HP LAZER P10 CP 1025-E311', 'no_image.png', 1),
(416, 'CARTOUCHE CANON 1900 NOIRE', 'no_image.png', 1),
(417, 'KIT IMPRIMANTE BROTHER MFC-J400DW', 'no_image.png', 1),
(418, 'PAQUET DE 50 STYLO BLEU', 'no_image.png', 50),
(419, 'PAQUET DE 50 STYLO ROUGE', 'no_image.png', 50),
(420, 'PAQUET DE 50 STYLO VERT', 'no_image.png', 50),
(421, 'PAQUET DE 50 STYLO NOIR', 'no_image.png', 50),
(422, 'مقص حجم متوسط', 'no_image.png', 1),
(423, 'مقص حجم كبير', 'no_image.png', 1),
(424, 'حاملة طوابع', 'no_image.png', 1),
(425, 'CARTOUCHE PHOTOCOPIEUSE TOSHIBA STUDIO 2006 ORG', 'no_image.png', 1),
(426, 'ممحاة', 'no_image.png', 1),
(427, 'CARTOUCHE TOSHIBA D2300 E', 'no_image.png', 1),
(428, 'PAPIER GRIS BLANC', 'no_image.png', 1),
(430, 'RAMME EXTRA STRONG A3', 'no_image.png', 1),
(431, 'NOTE AUTOCOLLANTE 75/75', 'no_image.png', 1),
(432, 'ROULEAU DE PAPIER ASHIESIF DE MASQUAGE scotch gris', 'no_image.png', 1),
(434, 'SPIRAL PM', 'no_image.png', 1),
(435, 'TABLE RESTAURANT ', 'no_image.png', 1),
(436, 'CHAISES RESTAURANT', 'no_image.png', 1),
(437, 'TABLE DE ORDINATEURS', 'no_image.png', 1),
(438, 'FOUTEIL SAUS   DIRACTEUR', 'no_image.png', 1),
(441, 'TV PLASMA 43 POUCE', 'no_image.png', 1),
(443, 'صابون غسالة 4.5 كغ', 'no_image.png', 1),
(444, 'PAPIER SERVIETTE GM', 'no_image.png', 1),
(445, 'Paquet de sachet poubelle GM', 'no_image.png', 1),
(446, 'صابون مرحي ( أومو) 1.6 كغ', 'no_image.png', 1),
(447, 'MINI CHAINE JBL G02 NOIR', 'no_image.png', 1),
(448, 'جهاز هاتف', 'no_image.png', 1),
(449, 'BOUTEILLE ENCRE BROTHER DCPJ 132 W -ROUGE', 'no_image.png', 1),
(450, 'BOUTEILLE ENCRE BROTHER DCPJ 132 W -JAUNE', 'no_image.png', 1),
(451, 'BOUTEILLE ENCRE BROTHER DCPJ 132 W -BLEU', 'no_image.png', 1),
(452, 'BOUTEILLE ENCRE BROTHER DCPJ 132 W -NOIR', 'no_image.png', 1),
(453, 'CARTOUCHE SAMSUNG ML 2020', 'no_image.png', 1),
(454, 'UNITE DE SONORISATION  MOBILE: BLUETOOTH+MICRO SANS FIL+PUISSANCE 120 W+ BATTERIE INTÉG', 'no_image.png', 1),
(455, 'TONER  PHOTOCOPIEUSE KONICA MINOTA BIZHUB 185', 'no_image.png', 1),
(456, 'BOUTEIL ENCRE 1L NOIR -CANON PIXMA G2200', 'no_image.png', 1),
(457, 'BOUTEIL ENCRE 1L JAUNE -CANON PIXMA G2200', 'no_image.png', 1),
(458, 'BOUTEIL ENCRE 1L ROUGE-CANON PIXMA G2200', 'no_image.png', 1),
(459, 'BOUTEIL ENCRE 1L BLEU-CANON PIXMA G2200', 'no_image.png', 1),
(460, 'CABLE RESEAU RJ45 CAT6 (METRE)', 'no_image.png', 1),
(461, 'CARTOUCHE CANON LP 1660 NOIR', 'no_image.png', 1),
(462, 'CARTOUCHE CANON LP 1660 COULEUR', 'no_image.png', 1),
(463, 'CAJON MEG', 'no_image.png', 1),
(464, 'MELODICAS', 'no_image.png', 1),
(465, 'GUITTAR CLASSIC + HOUSE + COURRIE', 'no_image.png', 1),
(466, 'KIT IMPRIMANTE BROTHER LC 223', 'no_image.png', 1),
(467, 'AGRAFFEUSE PM', 'no_image.png', 1),
(468, 'EQUIPEMENT SPEED BALLE COMPLET ', 'no_image.png', 1),
(469, 'GYM BALLE', 'no_image.png', 1),
(470, 'دينول لغسل الأواني 5ل', 'no_image.png', 1),
(471, 'مبيد حشرات إستعمال منزلي', 'no_image.png', 1),
(472, 'GANT PLASTIQUE', 'no_image.png', 1),
(473, 'SHAMPOING ANTI TACHE ', 'no_image.png', 1),
(474, 'حاملة صابون معطر', 'no_image.png', 1),
(475, 'POUDRE CANARD POW  WC CHOC WC	', 'no_image.png', 1),
(476, 'يد مكنسة طويلة جدا', 'no_image.png', 1),
(477, 'CHAMOISINE', 'no_image.png', 1),
(478, 'PC DE BUREAU  I7 8è GéN 8GO 1TO- 12MO DE CACHE', 'no_image.png', 1),
(479, 'مضرب كرة السرعة raquette speed Ball', 'no_image.png', 1),
(480, 'بكرة كرة السرعة', 'no_image.png', 1),
(481, 'كرة كرة السرعة ballon speed Ball', 'no_image.png', 1),
(482, 'TRICOT', 'no_image.png', 1),
(483, 'PUPITRE D ORCHESTRE NOIR - QS', 'no_image.png', 1),
(484, 'CARTOUCHE KYOCERA TK -160', 'no_image.png', 1),
(485, 'حاوية فضلات GM', 'no_image.png', 1),
(486, 'CHAISES SANS ACCARDOIRE', 'no_image.png', 1),
(487, 'ELEMENTS DE RONGEMENT', 'no_image.png', 1),
(488, 'GUITARE ELECTIIQUE', 'no_image.png', 1),
(489, 'BATTERIE', 'no_image.png', 1),
(491, 'VIOLON', 'no_image.png', 1),
(492, 'DARBOUKA', 'no_image.png', 1),
(493, 'DARBOUKA ORIENTALE', 'no_image.png', 1),
(494, 'عود شرقي LUTL', 'no_image.png', 1),
(495, 'JEUX DE FLUTLES مجموعة نايات', 'no_image.png', 1),
(496, 'ORGUE  ORIENTALE', 'no_image.png', 1),
(497, 'ARMOIRE FRIGO 700', 'no_image.png', 1),
(498, 'VERRES A EAU', 'no_image.png', 1),
(499, 'PLATEAUX RECTANGULAIRE GM', 'no_image.png', 1),
(500, 'PLATEAUX RECTONGULAIRE PM', 'no_image.png', 1),
(501, 'JEUX DE TROIS MARMITES', 'no_image.png', 1),
(502, 'BROC A CAFE', 'no_image.png', 1),
(504, 'PAQUE DE GRILLADE A GAZ SERIE 900', 'no_image.png', 1),
(505, 'JEUX DE 3 CASSEROLES', 'no_image.png', 1),
(506, 'JEUX DE  2 PASSOIRS', 'no_image.png', 1),
(507, 'PAIRE DE CAGE MINI -HAND زوجي مرمى', 'no_image.png', 1),
(509, 'TABLE MILTIMIDIA', 'no_image.png', 1),
(510, 'AREMOIRE EN BOIS', 'no_image.png', 1),
(511, 'BUREAUX CHEF SERVICE', 'no_image.png', 1),
(512, 'FOUTTEUILLE CHEF SEVICE', 'no_image.png', 1),
(513, 'BUREAUX  TYPE A', 'no_image.png', 1),
(514, 'BUREAUX TYPE B', 'no_image.png', 1),
(515, 'SALON D HANNEURE', 'no_image.png', 1),
(516, 'TABLES PLASTIQUE', 'no_image.png', 1),
(517, 'CHAISE PLASTIQUE', 'no_image.png', 1),
(519, 'TAPIS SYNTETIQUE', 'no_image.png', 1),
(520, 'شباك  كرة يد COMP', 'no_image.png', 1),
(521, 'FONTAINE FRAICHE', 'no_image.png', 1),
(522, 'AREMOIRE METALIQUE', 'no_image.png', 1),
(523, 'P PLONCHEY ET CERCAUX BB', 'no_image.png', 1),
(524, 'كرة سلة T 5 ENT', 'no_image.png', 1),
(525, 'كرة سلة T 6 ENT', 'no_image.png', 1),
(526, 'كرة رقبي ENT', 'no_image.png', 1),
(527, 'كرة يد T 1', 'no_image.png', 1),
(528, 'كرة يد  T 3 COMP', 'no_image.png', 1),
(529, 'كرة تنس ENT', 'no_image.png', 1),
(530, 'كرة تنس COMP', 'no_image.png', 1),
(531, 'كرة طاولة  COMP', 'no_image.png', 1),
(534, 'كرة طبية 6 كغ', 'no_image.png', 1),
(535, 'كرة حديدية POIDS 3 كغ', 'no_image.png', 1),
(538, 'زوجي كرة سلة BASKET', 'no_image.png', 1),
(539, 'GASBA قصبة', 'no_image.png', 1),
(540, 'SAXO-FONNE', 'no_image.png', 1),
(541, 'كرة قدم T 4', 'no_image.png', 1),
(542, 'كرة قدم T3', 'no_image.png', 1),
(543, 'PALOT  DE TRAINING40 SOUCOUPS', 'no_image.png', 1),
(544, 'كرة قدم T3 COMP', 'no_image.png', 1),
(545, 'CONES TROUES 50 CM', 'no_image.png', 1),
(546, 'COMPS TROUES 70 CM', 'no_image.png', 1),
(547, 'BATON AVEC 2PINCES', 'no_image.png', 1),
(550, 'CONES TROUES 70 CM', 'no_image.png', 1),
(552, 'PLOTS DE TRAINING 40 SONCOUPS', 'no_image.png', 1),
(554, 'CONES 30 CM', 'no_image.png', 1),
(555, 'كرة مثقلة 0.500', 'no_image.png', 1),
(556, 'كرة مثقلة 0.800', 'no_image.png', 1),
(557, 'كرة مثقلة 1 كغ', 'no_image.png', 1),
(558, 'كرة مثقلة 2 كغ ', 'no_image.png', 1),
(560, 'كرة مثقتة 3 كغ', 'no_image.png', 1),
(561, 'كرة مثقلة 3 كغ', 'no_image.png', 1),
(562, 'كرة مثقلة 4 كغ', 'no_image.png', 1),
(564, 'CONES 20 CM', 'no_image.png', 1),
(567, 'SCANNER  EPSON V 370', 'no_image.png', 1),
(568, 'MATLAS D UNE PLACE', 'no_image.png', 1),
(569, 'SERVICE DE TABLE', 'no_image.png', 1),
(570, 'SIGE INFORMATIQUE', 'no_image.png', 1),
(571, 'ELEMANT DE RANGEMENT EN BOIS -VITRE', 'no_image.png', 1),
(572, 'TV LED HD 43 ', 'no_image.png', 1),
(573, 'TABLE POUR MICRO ORDNATEUR', 'no_image.png', 1),
(574, 'PORTE MONTEAUX', 'no_image.png', 1),
(575, 'TABLE DE REUNION 12 PLASE', 'no_image.png', 1),
(577, 'CARTOUCH TOSHIBA D 2300 E', 'no_image.png', 1),
(578, 'زوجي خشبة B B', 'no_image.png', 1),
(579, 'MICROPHONE DYNAMIQUE DM 210', 'no_image.png', 1),
(580, 'UNITE DE SONORISATION PORTABLE MODEL HPA', 'no_image.png', 1),
(581, 'LIT+TABLE DE NUIT', 'no_image.png', 1),
(583, 'IMPRIMANTE  LEXMARK MS317DN', 'no_image.png', 1),
(586, 'FAUTEUIL ERGONOMIQUE - POUR C.S ET S.D', 'no_image.png', 1),
(587, 'SIEGE INFORMATIQUE', 'no_image.png', 1),
(593, 'زوجي مرمى كرة يد (خاص بالقاعة)', 'no_image.png', 1),
(594, 'IMPRIMANTE BROTHER HL 1110', 'no_image.png', 1),
(595, 'IMPRIMANTE LAZER MONOCHROME OKI B840 DN', 'no_image.png', 1),
(596, 'REPOSE PIEDS', 'no_image.png', 1),
(597, 'PORTE MANTEAU EN INOX', 'no_image.png', 1),
(598, 'UNITE DE SONORISATION PORTATIVE YAMAHA STAGEP AS 600BT', 'no_image.png', 1),
(599, 'UNITE DE SONORISATION YAMAHA EMX5016 CF', 'no_image.png', 1),
(600, 'CAMESCOPE NUMERIQUE + TRIPIED + SAC PRO', 'no_image.png', 1),
(601, 'BABY FOOT TYPE A', 'no_image.png', 1),
(602, 'كرة قدم T5', 'no_image.png', 1),
(603, 'DESCENTE LIT', 'no_image.png', 1),
(604, 'OREILLERS EN OUATE', 'no_image.png', 1),
(605, 'TAIES D ORILLERS', 'no_image.png', 1),
(606, 'STYLO MARQUEUR', 'no_image.png', 1),
(607, 'TAPIS DE MUSCULATION', 'no_image.png', 1),
(608, 'IMPRIMANTE SUMSUNG ML 2020', 'no_image.png', 1),
(609, 'PARAPHEURE', 'no_image.png', 1),
(610, 'CARTOUCHE KYOCERA FS-C 5350 DN', 'no_image.png', 1),
(611, 'CARTOUCHE CANON SENSYS  LBP 7018 C', 'no_image.png', 1),
(612, 'CHAUFFAGE BAIN D HUIL 9 ELEMENT', 'no_image.png', 1),
(613, 'PNEU 175/65 R14 AMINE ', 'no_image.png', 1),
(614, 'PNEU 225/75 R16  AMINE DV 82', 'no_image.png', 1),
(615, 'PNEU 7.00/16 + CHAMBRE A AIRE + FLAPS AMINE SN 66', 'no_image.png', 1),
(616, 'TONNER TOSHIBA T 2309', 'no_image.png', 1),
(617, 'CARTOUCHE SAMSUNG MLT D101S', 'no_image.png', 1),
(618, 'PILE CR2032E 3V', 'no_image.png', 1),
(619, 'PILE 23A 12V', 'no_image.png', 1),
(620, 'CABLE AUDIO 3.5 VERS 6.35 STEREO JACK 2M', 'no_image.png', 1),
(621, 'ADAPTATEUR JACK 6.35 MALE VERS 3.5 FEMELLE ', '720027adpt.jpg', 1),
(622, 'TONER HP 12A ADAPTABLE NOIR POUR IMPRIMANTE HP LASERJET 1018', 'no_image.png', 1),
(623, 'CABLE IMPRIMANTE USB 5M', '353345cableimp5m.jpg', 1),
(624, 'Haut parleur pc', 'no_image.png', 1),
(625, 'Switcher réseau (Hub 24 parts)', 'no_image.png', 1),
(626, 'شبكة كرة قدم كبيرة', 'no_image.png', 1),
(627, 'Filet de handball', 'no_image.png', 1),
(628, 'Harmonica Bee 24 holes', 'no_image.png', 1),
(629, 'Xylophone carillon 25 notes G2-G4', 'no_image.png', 1),
(630, 'Tablette 7“ Wifi', 'no_image.png', 1),
(631, 'Sac pour Appareil Photo Numérique-Dimensions intérieures 175x160x110 mm - Dimensions extérieures 245x195x130 mm - Poids 0,42 kg', 'no_image.png', 1),
(632, 'HOME CINEMA SAMSUNG HT-F453 HBK', 'no_image.png', 1),
(633, 'souffleur electrique', 'no_image.png', 1),
(634, 'micro casque rechargeable + batterie', 'no_image.png', 1),
(635, 'poste cd pour voiture', 'no_image.png', 1),
(636, 'capteur wifi', 'no_image.png', 1),
(637, 'PILE 9V RECHARGEABLE', 'no_image.png', 1),
(638, 'CASQUE MP5', 'no_image.png', 1),
(639, 'SOUFFLEUR ELECTRIQUE', 'no_image.png', 1),
(640, 'MICROCASQUE RECHARGEABLE+ BATTERIE', 'no_image.png', 1),
(641, 'FLYBOX', 'no_image.png', 1),
(642, 'PC DE BUREAU I5', 'no_image.png', 1),
(643, 'قارورة إطفاء حريق', 'no_image.png', 1),
(645, 'CHAMOISINE BLANCHE', 'no_image.png', 1),
(646, 'APPAREIL PLASTIFICATION', 'no_image.png', 1),
(647, 'paquet de 50 sachet poubelle 100 L', '213182647.jpg', 50),
(648, 'Imprimante EPSON 3110 (3en1)', 'no_image.png', 1),
(649, 'Rouleau Papier Fax 210mm 30m', 'no_image.png', 1),
(650, 'ممسحة زجاج النوافذ', '461045rakletfenetre.jpg', 1),
(651, 'Mécanique guitare classique - clé de réglage', '8152452-guitare-classique-reglage-tuner-cles-chevilles-m.jpg', 1),
(653, 'Archet violon قوس كمنجة', 'no_image.png', 1),
(654, 'plectre guitare ريشة قيتار', 'no_image.png', 1),
(655, 'Plectre Aoud ريشة عود', 'no_image.png', 1),
(656, 'Stabilisateur camera en forme circulaire', 'no_image.png', 1),
(657, 'Cromakey 1.8 * 2.8 mètre', 'no_image.png', 1),
(658, 'chargeur camera SAMSUNG ES65', 'no_image.png', 1),
(659, 'Chargeur camera SONY model N° DSC-W710', 'no_image.png', 1),
(660, 'Plot de marquage 50 pièces', 'no_image.png', 1),
(661, 'photocopieuse SHARP AR 6020', 'no_image.png', 1),
(662, 'Cartouche photocopieuse AR 6020', 'no_image.png', 1),
(663, 'spiraleuse en acier', 'no_image.png', 1),
(664, 'Climatiseur 18000', 'no_image.png', 1),
(665, 'Climatiseur 24000', 'no_image.png', 1),
(666, 'Unite Centrale PC', 'no_image.png', 1),
(667, 'ORDINATEUR BUREAU I5 DELL', 'no_image.png', 1),
(668, 'Canon PIXMA G2411', 'no_image.png', 1),
(669, 'آلة القانون', 'no_image.png', 1),
(670, 'TV LED 32 pouce', 'no_image.png', 1),
(671, 'Epingle fixation vêtement', 'no_image.png', 1),
(672, 'Imprimante HP M15W', 'no_image.png', 1),
(673, 'دفتر وسيلة نقل', 'no_image.png', 1),
(674, 'كنش إذن بمأمورية داخل الجمهورية', 'no_image.png', 1),
(675, 'كنش إذن بمأمورية لإستعمال عربة مصلحة', 'no_image.png', 1),
(676, 'Dateur en Arabe', 'no_image.png', 1),
(677, 'Cartouche Fax CE 435 A', 'no_image.png', 1),
(678, 'علم تونس', 'no_image.png', 1),
(679, 'حواجز', 'no_image.png', 1),
(680, 'corde a Sauter', 'no_image.png', 1),
(681, 'شريحة رياضية', 'no_image.png', 1),
(682, 'أقماع تمارين', 'no_image.png', 1),
(683, 'Violoncelle', '83956Roth-Junius-Europe-4-4-Student-Cello-Set-205x300.png', 1),
(684, 'ORDINATEUR GAMING OMEN', 'no_image.png', 1),
(685, 'tapis évolution gymnastique', 'no_image.png', 1),
(686, 'tente de camping 2 places', 'no_image.png', 1),
(687, 'sac de couchage', 'no_image.png', 1),
(688, 'chaine en acier سلسلة حديد', 'no_image.png', 1),
(689, 'roulette 3m', 'no_image.png', 1),
(690, 'roulette 5m', 'no_image.png', 1),
(691, 'roulette 20m', 'no_image.png', 1),
(692, 'tube rond 60 / 6m', 'no_image.png', 1),
(693, 'tube rond 40 / 6m', 'no_image.png', 1),
(694, 'fer 100 / 6m', 'no_image.png', 1),
(695, 'fer rond 14 / 6m', 'no_image.png', 1),
(696, 'cornier 50 / 6m', 'no_image.png', 1),
(697, 'berwette orange', 'no_image.png', 1),
(698, 'pelle avec monche', 'no_image.png', 1),
(699, 'rateau avec monche', 'no_image.png', 1),
(700, 'pioche avec monche', 'no_image.png', 1),
(701, 'مكنسة بلدية  balai de tritare', 'no_image.png', 1),
(705, 'photocopieuse A3/A4', 'no_image.png', 1),
(706, 'appareil de telphone fixe', 'no_image.png', 1),
(707, 'paquet de stylo bleu', 'no_image.png', 1),
(708, 'fiche RJ45', 'no_image.png', 1),
(710, 'Cable RJ11', 'no_image.png', 1),
(711, 'Tapis souris', 'no_image.png', 1),
(712, 'CARTOUCHE SAMSUNG ML 3051 N', 'no_image.png', 1),
(713, 'RADIATEUR A BAIN HUILE', 'no_image.png', 1),
(714, 'REFRIGERATEUR ELECTRIQUE DE BUREAU', 'no_image.png', 1),
(715, 'refroidisseur eau a bonbonne', 'no_image.png', 1),
(716, 'TV LED SMART 55 pouce', 'no_image.png', 1),
(717, 'megaphone', 'no_image.png', 1),
(718, 'Ordinateur Portable', 'no_image.png', 1),
(719, 'Corde - حبل', 'no_image.png', 1),
(720, 'chignole', 'no_image.png', 1),
(721, 'surfaceur 20 kg', 'no_image.png', 1),
(722, 'peinture laque 4 kg', 'no_image.png', 1),
(723, 'teinte laqué coloré', 'no_image.png', 1),
(724, 'Roulette Surfaceur', 'no_image.png', 1),
(725, 'pinceau peinture n°30', 'no_image.png', 1),
(726, 'pinceau peinture n°40', 'no_image.png', 1),
(727, 'pinceau peinture n°50', 'no_image.png', 1),
(728, 'pinceau peinture n°60', 'no_image.png', 1),
(729, 'chaux vive جير', 'no_image.png', 1),
(730, 'diluant peinture 12', 'no_image.png', 1),
(731, 'دهن صديد', 'no_image.png', 1),
(732, 'طابع بريدي إداري 750', 'no_image.png', 1),
(733, 'طابع بريدي إداري 1200', 'no_image.png', 1),
(734, 'Tube Surfaceur', 'no_image.png', 1),
(735, 'bobine reseaux', 'no_image.png', 1),
(736, 'AUTOCOM LG ERICSON EMG 800', 'no_image.png', 1),
(737, 'POSTE OPERATEUR LDP-9224D', 'no_image.png', 1),
(738, 'POSTE NUMERIQUE LDP-9208', 'no_image.png', 1),
(739, 'BATTERIE ETANCHE', 'no_image.png', 1),
(740, 'TENTE POUR 4PERSONNES', 'no_image.png', 1),
(741, 'TENTE POUR 5/6 PERSONNES', 'no_image.png', 1),
(742, 'TRICORT +SHORT CRJS', 'no_image.png', 1),
(743, 'SURVETTEMENT CRJS', 'no_image.png', 1),
(744, 'BALLON PLASTIQUE', 'no_image.png', 1),
(745, 'Paquet de sachet poubelle MM', 'no_image.png', 1),
(746, 'Imprimante Jet Encre Couleur', 'no_image.png', 1),
(747, 'Imprimante Jet Encre Couleur INK TANK 315', 'no_image.png', 1),
(748, 'Cartouche Imprimante HP INK TANK 315', 'no_image.png', 1),
(749, 'Disque Dure Interne SSD 256 GB', 'no_image.png', 1),
(750, 'chaise en plastique dure', 'no_image.png', 1),
(751, 'chaise de bureau directeur', 'no_image.png', 1),
(752, 'table rectangle en plastique blanc', 'no_image.png', 1),
(753, 'Equipement parabolique complet', 'no_image.png', 1),
(754, 'PHOTOCOPIEUSE SHARP BP20M31', 'no_image.png', 1),
(755, 'CABLE RESEAU  3 METRE	', 'no_image.png', 1),
(756, 'Tableau magnetique', 'no_image.png', 1),
(757, 'Bobine DVD', 'no_image.png', 1),
(758, 'Boite alimentation PC 400W', 'no_image.png', 1),
(759, 'Flash disque 32 Go', 'no_image.png', 1),
(760, 'Flash disque 64 Go', 'no_image.png', 1),
(761, 'SCANNER PROFESSIONNEL PANASONIC KV-S1015C', 'no_image.png', 1),
(762, 'POINT D ACCES EAP-115', 'no_image.png', 1),
(763, 'starter tube neon', 'no_image.png', 1),
(764, 'Ampoule led 15w E27 filetage', 'no_image.png', 1),
(765, 'Ampoule led 20w E27 filetage', 'no_image.png', 1),
(766, 'Projecteur led 150w', 'no_image.png', 1),
(767, 'Serrure a tirage AHRAM', 'no_image.png', 1),
(768, 'Boite outil électricien ACEM', 'no_image.png', 1),
(769, 'Pince coupant 160 mm ACEM', 'no_image.png', 1),
(770, 'Pince a dénuder 160 mm ACEM', 'no_image.png', 1),
(771, 'Pince a crosse 200 mm ACEM', 'no_image.png', 1),
(772, 'Pince a bec demi rond 160 mm ACEM', 'no_image.png', 1),
(773, ' Tourne a vis pro PH-1X 100 ACEM', 'no_image.png', 1),
(774, 'Tourne a vis pro 6X150 ACEM', 'no_image.png', 1),
(775, 'Tourne a vis pro isole 1X125 ACEM', 'no_image.png', 1),
(776, 'Tourne a vis pro isole 5X125 ACEM', 'no_image.png', 1),
(777, 'Tourne a vis testeur électrique 12-250v ACEM', 'no_image.png', 1),
(778, 'Cahsse eau EJIM', 'no_image.png', 1),
(779, 'Cadenas ACEM 50mm', 'no_image.png', 1),
(780, 'Pompe retouche', 'no_image.png', 1),
(781, 'CLIMATISEUR 12000', 'no_image.png', 1),
(782, 'Ampoule Led 15w B22 مسمار', 'no_image.png', 1),
(783, 'Serrure Encastre', 'no_image.png', 1),
(784, 'Escabeau', 'no_image.png', 1),
(785, 'Kit tuyau arrosage 4 pièces', 'no_image.png', 1),
(786, ' Tube Néon 1m', 'no_image.png', 1),
(787, 'Imprimante laser monochrome PANTUM', 'no_image.png', 1),
(788, 'cable téléphonique bobine de 100 m', 'no_image.png', 1),
(789, 'BANDE GAZ 10 CM', 'no_image.png', 1),
(790, 'COMPRESSE STIRILE', 'no_image.png', 1),
(791, 'COTON 100 G', 'no_image.png', 1),
(792, 'BANDE LUXE DE 10', 'no_image.png', 1),
(793, 'BETADINE 25 ML', 'no_image.png', 1),
(794, 'PEROX 10 VFL - 120 ML - EAU OXYGENE', 'no_image.png', 1),
(795, 'FOSINE AQUEUSE A 2% 60CC - دواء أحمر', 'no_image.png', 1),
(796, 'BOITE PHARMACIE', 'no_image.png', 1),
(797, 'CABLE VGA 5 m', 'no_image.png', 1),
(798, 'CARTOUCHE HP M15W	', 'no_image.png', 1),
(799, ' Unité de sonorisation professionnel \" ITALIAN STAGE\"', 'no_image.png', 1),
(800, 'PERCHE INITIATION عصا القفز بالزانة', 'no_image.png', 1),
(801, 'DISQUE ENTRAINEMENT 0.6KG رمي الصحن', 'no_image.png', 1),
(802, 'DISQUE ENTRAINEMENT 1KG رمي الصحن', 'no_image.png', 1),
(803, 'DISQUE ENTRAINEMENT 1.5KG رمي الصحن', 'no_image.png', 1),
(804, 'MARTEAU ENTRAINEMENT 7.260KG رمي المطرقة', 'no_image.png', 1),
(805, 'DISQUE ENTRIANEMENT 2KG رمي الصحن', 'no_image.png', 1),
(806, 'MARTEAU ENTRAINEMENT 3KG رمي المطرقة', 'no_image.png', 1),
(807, 'MARTEAU ENTRAINEMENT 4KG رمي المطرقة', 'no_image.png', 1),
(808, 'MARTEAU ENTRAINEMENT 6KG رمي المطرقة', 'no_image.png', 1),
(809, 'DISQUE ENTRAINEMENT 1.75KG رمي الصحن', 'no_image.png', 1),
(810, 'STARTING BLOC ', 'no_image.png', 1),
(811, 'support microphone de table - rode', 'no_image.png', 1),
(812, 'dictaphone - HN4NPRO', 'no_image.png', 1),
(813, 'MICROPHONE SIMPLE - SHURE', 'no_image.png', 1),
(814, 'ECOUTE RADIO - ENCEINTE DE STUDIO M-AUDIO', 'no_image.png', 1),
(815, 'CASQUE AUDIO - BEYERDYNAMIC', 'no_image.png', 1),
(816, 'AMPLI CASQUE - BEHRINGHER', 'no_image.png', 1),
(817, 'CARTE SON - EXTERNE FOCUSRITE', 'no_image.png', 1),
(818, 'CONSOLE DE MIXAGE - 16 CANAUX SOUNDCRAFT', 'no_image.png', 1),
(819, 'PREAMPLI MICRO DE QUALITE STUDI POUR SMARTPHONE IK MULTIMEDIA', 'no_image.png', 1),
(820, 'BONNETTE ANTI-SOUFLE', 'no_image.png', 1),
(821, 'CABLE MICRO EN XLR 5M', 'no_image.png', 1),
(822, 'CABLE XLR MALE /F STEREO 3M', 'no_image.png', 1),
(823, 'CABLE JACK FEMELLE/JACK STEREO 5M', 'no_image.png', 1),
(824, 'CABLE XLR MALE/F STEREO 2M', 'no_image.png', 1),
(825, 'CABLE JACK/JACK STEREO 3.5M', 'no_image.png', 1),
(826, 'DICTAPHONE - H4NPRO+CABLE', 'no_image.png', 1),
(827, 'CAMERA- SPORT + BOITIER DE PROTECTION+CARTEMEMOIRE + CHARGEUR BATTERIE', 'no_image.png', 1),
(828, 'OBJECTIF CAMERA - CANON OBJECTIF24-70MM+OBJECTIF70-200MM', 'no_image.png', 1),
(829, 'CAMERA DSLR - 5D MARK IV +CARTE  MEMOIRE+SUPPORT UDMA+BATTERIE', 'no_image.png', 1),
(830, 'TABLE DE MIXAGE - AUDIO-VIDEO ROLAND VR-3EX', 'no_image.png', 1),
(831, 'BARRE DE TRAVELLING SLIDER 100CM - KONOVA KS-100', 'no_image.png', 1),
(832, ' PANORAMIQUEGRUE LEGERE CARBONNE - IFOOTAGE+TETE ', 'no_image.png', 1),
(833, 'SUPPORT DE FOND DE STUDIO PHOTO + FONDS VERT CHROMAKEY', 'no_image.png', 1),
(834, 'BOOM MICROPHONE - SONY', 'no_image.png', 1),
(835, 'MONITEUR VIDEO - NUMERIQUE', 'no_image.png', 1),
(836, 'TREPIED - KIT MANFROTTO', 'no_image.png', 1),
(837, 'MONOPODE - MANFROTTO', 'no_image.png', 1),
(838, 'ENSEMBLE MICRO-CARAVATE - SHENNHEIZER', 'no_image.png', 1),
(839, 'EPAULIERE DSLR -KIT', 'no_image.png', 1),
(840, 'TORCHE 8 LED POUR CAMESCOPE', 'no_image.png', 1),
(841, 'LED VIDEO LIGHT KIT + PIED LUMIERE', 'no_image.png', 1),
(842, 'STABILISATEUR DE COURANT - PROFESSIONNEL', 'no_image.png', 1),
(843, 'porte badge en plastique', 'no_image.png', 1),
(844, 'intercalaire transparente', 'no_image.png', 1),
(845, 'scotch emballage', 'no_image.png', 1),
(846, 'CARTOUCHE PHOTOCOPIEUSE SHARP BP20M31', 'no_image.png', 1),
(847, 'Capteur Bluetooth', 'no_image.png', 1),
(848, 'Switch Ethernet 8 port', 'no_image.png', 1),
(849, 'disque dure externe 250 Go', 'no_image.png', 1),
(850, 'Porte CD', 'no_image.png', 1),
(851, 'scanner Genius ', 'no_image.png', 1),
(852, 'clavier sans fil', 'no_image.png', 1),
(853, 'souris sans fil', 'no_image.png', 1),
(854, 'IMPRIMANTE BROTHER DCP J132W', 'no_image.png', 1),
(855, 'Bureau avec comptoir', 'no_image.png', 1),
(856, 'armoire double porte', 'no_image.png', 1),
(857, 'tableau affichage', 'no_image.png', 1),
(858, 'onduleur', 'no_image.png', 1),
(859, 'RALONGE MILTIPRISE 25M', 'no_image.png', 1),
(860, 'طوبع إدارية Tampon', 'no_image.png', 1),
(861, 'dateur en Français', 'no_image.png', 1),
(862, 'طابع إداري أوتوماتيكي', 'no_image.png', 1),
(863, 'réglette tube néant étanche double 120 cm', 'no_image.png', 1),
(864, 'téléphone portable', 'no_image.png', 1),
(865, 'appareil photo numérique', 'no_image.png', 1),
(866, 'camera vidéos', 'no_image.png', 1),
(867, 'Imprimante HP laser cp1025', 'no_image.png', 1),
(868, 'منديل ورق للسيارة', 'no_image.png', 1),
(869, 'sac de sport', 'no_image.png', 1),
(871, 'DISQUE DURE SSD 512 GO', 'no_image.png', 1);

-- --------------------------------------------------------

--
-- Structure de la table `user`
--

DROP TABLE IF EXISTS `user`;
CREATE TABLE IF NOT EXISTS `user` (
  `id` int NOT NULL AUTO_INCREMENT,
  `email` varchar(180) COLLATE utf8mb4_unicode_ci NOT NULL,
  `roles` json NOT NULL,
  `password` varchar(255) COLLATE utf8mb4_unicode_ci NOT NULL,
  `is_sous_admin` tinyint(1) NOT NULL DEFAULT '0',
  `etablissement_id` int DEFAULT NULL,
  `nomp` varchar(180) COLLATE utf8mb4_unicode_ci NOT NULL,
  `is_verified` tinyint(1) NOT NULL,
  PRIMARY KEY (`id`),
  UNIQUE KEY `UNIQ_IDENTIFIER_EMAIL` (`email`),
  KEY `IDX_8D93D649FF631228` (`etablissement_id`)
) ENGINE=InnoDB AUTO_INCREMENT=4 DEFAULT CHARSET=utf8mb4 COLLATE=utf8mb4_unicode_ci;

--
-- Déchargement des données de la table `user`
--

INSERT INTO `user` (`id`, `email`, `roles`, `password`, `is_sous_admin`, `etablissement_id`, `nomp`, `is_verified`) VALUES
(1, 'badr@gmail.com', '[\"ROLE_ADMIN\"]', '$2y$13$l2OcuswkxIwBeHG2vGSm0edLGLwhaMQawLSPuvDCdMlWtuJgnYJA.', 0, NULL, 'بدر بنعمارة', 1),
(3, 'wafa@gmail.com', '[\"ROLE_USER\"]', '$2y$13$Aaqw/sfV99113DyqrlW5aeAhhhhjP6SBOPd93DuMMpM4eQ2aWwvhO', 1, 2, 'وفاء فاضلي', 1);

--
-- Contraintes pour les tables déchargées
--

--
-- Contraintes pour la table `article`
--
ALTER TABLE `article`
  ADD CONSTRAINT `FK_23A0E66670C757F` FOREIGN KEY (`fournisseur_id`) REFERENCES `fournisseur` (`id`),
  ADD CONSTRAINT `FK_23A0E66BCF5E72D` FOREIGN KEY (`categorie_id`) REFERENCES `categorie` (`id`);

--
-- Contraintes pour la table `materiel`
--
ALTER TABLE `materiel`
  ADD CONSTRAINT `FK_18D2B0916C65B645` FOREIGN KEY (`sous_admin_id`) REFERENCES `user` (`id`),
  ADD CONSTRAINT `FK_18D2B091FF631228` FOREIGN KEY (`etablissement_id`) REFERENCES `etablissement` (`id`);

--
-- Contraintes pour la table `mouvement_stock`
--
ALTER TABLE `mouvement_stock`
  ADD CONSTRAINT `FK_61E2C8EB29B98B8D` FOREIGN KEY (`beneficiaire_id`) REFERENCES `beneficiaire` (`id`),
  ADD CONSTRAINT `FK_61E2C8EB670C757F` FOREIGN KEY (`fournisseur_id`) REFERENCES `fournisseur` (`id`),
  ADD CONSTRAINT `FK_61E2C8EB7294869C` FOREIGN KEY (`article_id`) REFERENCES `article` (`id`);

--
-- Contraintes pour la table `reset_password_request`
--
ALTER TABLE `reset_password_request`
  ADD CONSTRAINT `FK_7CE748AA76ED395` FOREIGN KEY (`user_id`) REFERENCES `user` (`id`);

--
-- Contraintes pour la table `user`
--
ALTER TABLE `user`
  ADD CONSTRAINT `FK_8D93D649FF631228` FOREIGN KEY (`etablissement_id`) REFERENCES `etablissement` (`id`);
COMMIT;

/*!40101 SET CHARACTER_SET_CLIENT=@OLD_CHARACTER_SET_CLIENT */;
/*!40101 SET CHARACTER_SET_RESULTS=@OLD_CHARACTER_SET_RESULTS */;
/*!40101 SET COLLATION_CONNECTION=@OLD_COLLATION_CONNECTION */;
